scientific_name,local_name,language
"Ail (Allium sativum)","Tafarnuwa haoussa","Haoussa"
"Ail (Allium sativum)","Yaawo fulfulde","Fulfulde"
"Aloe vera (aloès)","Aloe","Autre"
"Aloe vera (aloès)","Haléïta haoussa","Haoussa"
"Aloe vera (aloès)","Sabar wolof","Wolof"
"Aloe vera (aloès)","Sérew peul","Peul"
"Anis vert (Pimpinella anisum)","Anis","Autre"
"Anis vert (Pimpinella anisum)","Raunial wolof","Wolof"
"Annona muricata (Corossol)","Graviola créole","Créole"
"Annona muricata (Corossol)","Soursop","Autre"
"Arachide (Arachis hypogaea)","Groundnut","Autre"
"Arachide (Arachis hypogaea)","Nguba wolof","Wolof"
"Arnica montana (Arnica)","Arnica","Autre"
"Arnica montana (Arnica)","Bourgeon de montagne","Autre"
"Artemisia annua (armoise annuelle)","Armoise","Autre"
"Artemisia annua (armoise annuelle)","Sweet wormwood","Autre"
"Arthrophytum senegalense","Djon wolof","Wolof"
"Artichaut (Cynara scolymus)","Artichaut","Autre"
"Aubépine (Crataegus oxyacantha)","Aubépine","Autre"
"Aubépine (Crataegus oxyacantha)","Cenellier","Autre"
"Azadirachta indica (neem)","Dogo yaro haoussa","Haoussa"
"Azadirachta indica (neem)","Nim fulfulde","Fulfulde"
"Bael fruit (Aegle marmelos)","Bael","Autre"
"Bael fruit (Aegle marmelos)","Bel","Autre"
"Banane plantain (Musa paradisiaca)","Banana","Autre"
"Banane plantain (Musa paradisiaca)","Banane plantain","Autre"
"Boswellia serrata (Oliban)","Incensier","Autre"
"Boswellia serrata (Oliban)","Luban somali","Somali"
"Calendula officinalis (Souci)","Souci","Autre"
"Calendula officinalis (Souci)","Tchiokoloum","Autre"
"Calendula officinalis (Souci)","Tchiokoloum wolof","Wolof"
"Calotropis procera","Caoutchouc","Autre"
"Calotropis procera","Funtun haoussa","Haoussa"
"Camomille matricaire","Camomille","Autre"
"Canneberge (Vaccinium macrocarpon)","Canneberge","Autre"
"Canneberge (Vaccinium macrocarpon)","Cranberry","Autre"
"Capsicum annuum (Piment)","Piment","Autre"
"Capsicum annuum (Piment)","Yaji","Autre"
"Capsicum annuum (Piment)","Yaji haoussa","Haoussa"
"Carica papaya (Papayer)","Papayer","Autre"
"Carotte (Daucus carota)","Karoti swahili","Swahili"
"Catharanthus roseus","Vinca","Autre"
"Catharanthus roseus","Vinka wolof","Wolof"
"Cerise (Prunus avium)","Cerise","Autre"
"Cerise (Prunus avium)","Pii wolof","Wolof"
"Chenopodium ambrosioides","Dedriss wolof","Wolof"
"Chenopodium ambrosioides","Wormseed","Autre"
"Citronnelle (Cymbopogon citratus)","Ti-baie","Autre"
"Citronnelle (Cymbopogon citratus)","Tsoutsoum fulfulde","Fulfulde"
"Coriandrum sativum (Coriandre)","Kudhippoo tamil","Autre"
"Coriandrum sativum (Coriandre)","Tanbol haoussa","Haoussa"
"Curcuma (Curcuma longa)","Curcuma","Autre"
"Curcuma (Curcuma longa)","Nwandum","Autre"
"Curcuma (Curcuma longa)","Nwandum bamiléké","Bamiléké"
"Eau de coco + sel + sucre (SRO maison)","Eau de coco","Autre"
"Eau de coco + sel + sucre (SRO maison)","Ndox kokot wolof","Wolof"
"Eau physiologique / eau stérile","Sérum physiologique","Autre"
"Eucalyptus (Eucalyptus globulus)","Eucalyptus","Autre"
"Eucalyptus (Eucalyptus globulus)","Kalitus fulfulde","Fulfulde"
"Eucalyptus citriodora (Citronnelle de Java)","Citronnelle de Java","Autre"
"Eufraise (Euphrasia officinalis)","Casse-lunettes","Autre"
"Eufraise (Euphrasia officinalis)","Eufraise","Autre"
"Eurycoma longifolia (Tongkat Ali)","Long Jack","Autre"
"Eurycoma longifolia (Tongkat Ali)","Tongkat Ali","Autre"
"Fenouil (Foeniculum vulgare)","Badiam wolof","Wolof"
"Fenouil (Foeniculum vulgare)","Fenouil","Autre"
"Garcinia cambogia","Brindall berry","Autre"
"Garcinia cambogia","Tamarinier","Autre"
"Gaulthérie couchée (Gaultheria procumbens)","Hivergreen","Autre"
"Gaulthérie couchée (Gaultheria procumbens)","Triplet","Autre"
"Gentiane (Gentiana lutea)","Gentiane","Autre"
"Gingembre (Zingiber officinale)","Jahe swahili","Swahili"
"Gingembre (Zingiber officinale)","Sánta fulfulde","Fulfulde"
"Ginkgo biloba","Ginkgo","Autre"
"Ginseng (Panax ginseng)","Ginseng","Autre"
"Ginseng (Panax ginseng)","Renshen","Autre"
"Ginseng (Panax ginseng)","Renshen chinois","Chinois"
"Ginseng africain (Kaempferia aethiopica)","Mblaba diola","Diola"
"Girofle (Syzygium aromaticum)","Girofle","Autre"
"Girofle (Syzygium aromaticum)","Kanumfari haoussa","Haoussa"
"Gommier rouge (Bursera simaruba)","Encens rouge","Autre"
"Gommier rouge (Bursera simaruba)","Gommier","Autre"
"Goyavier (Psidium guajava)","Goyaba fulfulde","Fulfulde"
"Goyavier (Psidium guajava)","Guava","Autre"
"Guava (Psidium guajava)","Goyaba fulfulde","Fulfulde"
"Gymnema sylvestre","Gurmar","Autre"
"Gymnema sylvestre","Gymnema","Autre"
"Harpagophytum procumbens","Griffe du diable","Autre"
"Harpon d'Afrique (Xylopia aethiopica)","Grains of Selim","Autre"
"Harpon d'Afrique (Xylopia aethiopica)","Kimba haoussa","Haoussa"
"Harungana madagascariensis","Harongana malgache","Malgache"
"Harungana madagascariensis","Otounga fang","Autre"
"Hibiscus sabdariffa (bissap)","Bissap wolof","Wolof"
"Hibiscus sabdariffa (bissap)","Foléré peul","Peul"
"Kinkeliba (Combretum micranthum)","Kinkeliba wolof","Wolof"
"Kinkéliba (Combretum micranthum)","Kinkéliba wolof","Wolof"
"Kinkéliba (Combretum micranthum)","Ngéne bambara","Bambara"
"Kudzu (Pueraria lobata)","Kudzu","Autre"
"Kudzu (Pueraria lobata)","Tsubaki","Autre"
"Lemon balm (Melissa officinalis)","Citronnelle","Autre"
"Lemon balm (Melissa officinalis)","Mélisse","Autre"
"Leonotis leonurus","Dagga xhosa","Xhosa"
"Leonotis leonurus","Lion's ear","Autre"
"Lierre (Hedera helix)","Lierre grimpant","Autre"
"Lime (Citrus aurantifolia)","Lime","Autre"
"Lime (Citrus aurantifolia)","Limon créole","Créole"
"Linaire (Linaria vulgaris)","Linaria","Autre"
"Linaire (Linaria vulgaris)","Tête de moine","Autre"
"Mangifera indica (Manguier)","Mangoro haoussa","Haoussa"
"Manguier (Mangifera indica)","Mangoro haoussa","Haoussa"
"Menthe poivrée (Mentha piperita)","Menthe","Autre"
"Menthe poivrée (Mentha piperita)","Nanaa haoussa","Haoussa"
"Miel + Citron (Allium sativum)","Ndiyam wiiki fulfulde","Fulfulde"
"Millepertuis (Hypericum perforatum)","Millepertuis","Autre"
"Millepertuis (Hypericum perforatum)","St John's Wort","Autre"
"Moringa oleifera","Nebeday wolof","Wolof"
"Moringa oleifera","Zogala","Autre"
"Moringa oleifera","Zogala haoussa","Haoussa"
"Myrobolan (Terminalia chebula)","Haritaki hindi","Hindi"
"Myrobolan (Terminalia chebula)","Katukkuru tamoul","Tamil"
"Myrtille (Vaccinium myrtillus)","Airelle","Autre"
"Myrtille (Vaccinium myrtillus)","Myrtille","Autre"
"Mélange Moringa + Soja + Mil","Moringa + soja + mil","Autre"
"Neem (margousier)","Dogo yaro haoussa","Haoussa"
"Neem (margousier)","Kine bambara","Bambara"
"Nigelle sativa (Nigelle)","Dame noire","Autre"
"Nigelle sativa (Nigelle)","Habba sawda haoussa","Haoussa"
"Orthosiphon stamineus (Java tea)","Amisoo wolof","Wolof"
"Orthosiphon stamineus (Java tea)","Java tea","Autre"
"Papayer (Carica papaya)","Gwanda haoussa","Haoussa"
"Papayer (Carica papaya)","Ibepe yoruba","Yoruba"
"Passiflore (Passiflora incarnata)","Passiflore","Autre"
"Persicaria odorata (Menthe vietnamienne)","Menthe poivrée asiatique","Autre"
"Phyllanthus amarus","Kafiné bambara","Bambara"
"Phyllanthus amarus","Queue-de-rat","Autre"
"Phyllanthus niruri","Chanca piedra","Autre"
"Phyllanthus niruri","Miziiw","Autre"
"Pissenlit (Taraxacum officinale)","Dandelion","Autre"
"Pissenlit (Taraxacum officinale)","Pissenlit","Autre"
"Psyllium (Plantago ovata)","Isabgol","Autre"
"Psyllium (Plantago ovata)","Psyllium","Autre"
"Pétrilium (Petroselinum crispum)","Keuwerd wolof","Wolof"
"Pétrilium (Petroselinum crispum)","Persil","Autre"
"Rac commun (Salvadora persica)","Miswak","Autre"
"Rac commun (Salvadora persica)","Siwak","Autre"
"Ricin commun (Ricinus communis)","Largidé wolof","Wolof"
"Ricin commun (Ricinus communis)","Ricin","Autre"
"Sanglier (Cassia occidentalis)","Cassier","Autre"
"Sanglier (Cassia occidentalis)","Touma wolof","Wolof"
"Sauge (Salvia officinalis)","Kayenni wolof","Wolof"
"Sauge (Salvia officinalis)","Sauge","Autre"
"Silybum marianum (Chardon-Marie)","Chardon-Marie","Autre"
"Silybum marianum (Chardon-Marie)","Kranxi créole","Créole"
"Séné (Cassia acutifolia)","Khartoum","Autre"
"Séné (Cassia acutifolia)","Séné","Autre"
"Thym (Thymus vulgaris)","Taanet","Autre"
"Thym (Thymus vulgaris)","Taanet amazigh","Autre"
"Thym (Thymus vulgaris)","Thym","Autre"
"Urtica dioica (Ortie)","Nsaléng wolof","Wolof"
"Urtica dioica (Ortie)","Ortie","Autre"
"Uva ursi (Arctostaphylos uva-ursi)","Raisin d'ours","Autre"
"Uva ursi (Arctostaphylos uva-ursi)","Uva ursi","Autre"
"Valériane (Valeriana officinalis)","Valériane","Autre"
"Varech (Fucus vesiculosus)","Goemon","Autre"
"Varech (Fucus vesiculosus)","Varech","Autre"
"Vernonia amygdalina (Blake)","Grawa amharique","Amharique"
"Vernonia amygdalina (Blake)","Ndolé bamenda","Autre"
