category,plant_scientific_name,disease_treated,evidence_level
"Douleurs et inflammations","Arnica montana (Arnica)","Entorse / foulure","clinique"
"Douleurs et inflammations","Arnica montana (Arnica)","Lumbago / dorsalgie","clinique"
"Douleurs et inflammations","Arthrophytum senegalense","Entorse / contusion","traditionnel_avéré"
"Douleurs et inflammations","Boswellia serrata (Oliban)","Arthrose / rhumatisme","clinique"
"Douleurs et inflammations","Cerise (Prunus avium)","Goutte","clinique"
"Douleurs et inflammations","Curcuma (Curcuma longa)","Douleur / inflammation","clinique"
"Douleurs et inflammations","Curcuma (Curcuma longa)","Tendinite","clinique"
"Douleurs et inflammations","Eucalyptus (Eucalyptus globulus)","Douleurs articulaires","traditionnel_avéré"
"Douleurs et inflammations","Gaulthérie couchée (Gaultheria procumbens)","Névralgie faciale","traditionnel_rapporté"
"Douleurs et inflammations","Gingembre (Zingiber officinale)","Arthrose / rhumatisme","clinique"
"Douleurs et inflammations","Gingembre (Zingiber officinale)","Douleur post-opératoire","clinique"
"Douleurs et inflammations","Gingembre (Zingiber officinale)","Douleur post-partum","clinique"
"Douleurs et inflammations","Harpagophytum procumbens","Douleur / inflammation","clinique"
"Douleurs et inflammations","Harpon d'Afrique (Xylopia aethiopica)","Sciatique / névralgie","traditionnel_rapporté"
"Douleurs et inflammations","Rac commun (Salvadora persica)","Contracture musculaire","traditionnel_rapporté"
"Fièvre et syndromes fébriles","Artemisia annua (armoise annuelle)","Fièvre (paludisme probable)","OMS"
"Fièvre et syndromes fébriles","Azadirachta indica (neem)","Fièvre (paludisme probable)","traditionnel_avéré"
"Fièvre et syndromes fébriles","Catharanthus roseus","Fièvre (paludisme probable)","traditionnel_rapporté"
"Fièvre et syndromes fébriles","Citronnelle (Cymbopogon citratus)","Fièvre simple","traditionnel_avéré"
"Fièvre et syndromes fébriles","Coriandrum sativum (Coriandre)","Chikungunya / Dengue","traditionnel_rapporté"
"Fièvre et syndromes fébriles","Gingembre (Zingiber officinale)","Fièvre simple","clinique"
"Fièvre et syndromes fébriles","Moringa oleifera","Fièvre (chikungunya)","traditionnel_rapporté"
"Fièvre et syndromes fébriles","Vernonia amygdalina (Blake)","Fièvre typhoïde","traditionnel_avéré"
"Fièvre et syndromes fébriles","Vernonia amygdalina (Blake)","Rougeole","traditionnel_avéré"
"Gynécologie","Aloe vera (aloès)","Leucorrhée (pertes blanches)","traditionnel_rapporté"
"Gynécologie","Aloe vera (aloès)","Ménopause (atrophie vaginale)","traditionnel_rapporté"
"Gynécologie","Carica papaya (Papayer)","Contraception d'urgence traditionnelle","traditionnel_rapporté"
"Gynécologie","Gingembre (Zingiber officinale)","Dysménorrhée (règles douloureuses)","clinique"
"Gynécologie","Leonotis leonurus","Ménorragie (règles abondantes)","traditionnel_rapporté"
"Gynécologie","Moringa oleifera","Galactogogue (stimulation lactation)","traditionnel_avéré"
"Gynécologie","Neem (margousier)","Infection vaginale (candidose)","traditionnel_rapporté"
"Infections respiratoires","Boswellia serrata (Oliban)","Asthme / bronchospasme","clinique"
"Infections respiratoires","Eucalyptus (Eucalyptus globulus)","Asthme / bronchospasme","traditionnel_avéré"
"Infections respiratoires","Eucalyptus (Eucalyptus globulus)","Infection respiratoire aiguë","traditionnel_avéré"
"Infections respiratoires","Kinkéliba (Combretum micranthum)","Infection respiratoire aiguë","traditionnel_avéré"
"Infections respiratoires","Miel + Citron (Allium sativum)","Infection respiratoire aiguë","OMS"
"Infections respiratoires","Moringa oleifera","Désaturation / dyspnée","clinique"
"Infections respiratoires","Ricin commun (Ricinus communis)","Toux chronique","traditionnel_rapporté"
"Infections respiratoires","Thym (Thymus vulgaris)","Infection respiratoire aiguë","clinique"
"Infections respiratoires","Thym (Thymus vulgaris)","Mucoviscidose (complément)","clinique"
"Maladies oculaires contagieuses","Aloe vera (aloès)","Conjonctivite virale","traditionnel_avéré"
"Maladies oculaires contagieuses","Aloe vera (aloès)","Trachome","traditionnel_avéré"
"Maladies oculaires contagieuses","Calotropis procera","Orgelet","traditionnel_rapporté"
"Maladies oculaires contagieuses","Camomille matricaire","Blépharite infectieuse","traditionnel_avéré"
"Maladies oculaires contagieuses","Eufraise (Euphrasia officinalis)","Blépharite infectieuse","traditionnel_avéré"
"Maladies oculaires contagieuses","Fenouil (Foeniculum vulgare)","Dry eye syndrome","traditionnel_rapporté"
"Maladies oculaires contagieuses","Harungana madagascariensis","Trachome","traditionnel_rapporté"
"Maladies oculaires contagieuses","Neem (margousier)","Conjonctivite bactérienne","traditionnel_avéré"
"Maladies oculaires contagieuses","Nigelle sativa (Nigelle)","Conjonctivite allergique","traditionnel_rapporté"
"Maladies oculaires contagieuses","Sanglier (Cassia occidentalis)","Conjonctivite allergique","traditionnel_rapporté"
"Maladies oculaires non-contagieuses","Camomille matricaire","Ptérygion","traditionnel_avéré"
"Maladies oculaires non-contagieuses","Carotte (Daucus carota)","Myopie","OMS"
"Maladies oculaires non-contagieuses","Curcuma (Curcuma longa)","Uvéite","clinique"
"Maladies oculaires non-contagieuses","Ginkgo biloba","Cataracte","clinique"
"Maladies oculaires non-contagieuses","Ginkgo biloba","Glaucome","clinique"
"Maladies oculaires non-contagieuses","Gymnema sylvestre","Rétinopathie diabétique","clinique"
"Maladies oculaires non-contagieuses","Moringa oleifera","Cataracte","OMS"
"Maladies oculaires non-contagieuses","Moringa oleifera","Cécité nocturne (nyctalopie)","OMS"
"Maladies oculaires non-contagieuses","Myrtille (Vaccinium myrtillus)","Glaucome","clinique"
"Maladies oculaires non-contagieuses","Myrtille (Vaccinium myrtillus)","Rétinopathie diabétique","clinique"
"Maladies oculaires non-contagieuses","Phyllanthus amarus","Jaunisse (ictère)","clinique"
"Neurologie","Capsicum annuum (Piment)","Douleur chronique (complément)","clinique"
"Neurologie","Capsicum annuum (Piment)","Douleur neuropathique","clinique"
"Neurologie","Ginkgo biloba","Neuropathie diabétique (complément)","clinique"
"Neurologie","Menthe poivrée (Mentha piperita)","Migraine chronique (complément)","clinique"
"Neurologie","Millepertuis (Hypericum perforatum)","Dépression légère (complément)","clinique"
"Neurologie","Passiflore (Passiflora incarnata)","Anxiété / attaque de panique","clinique"
"Neurologie","Valériane (Valeriana officinalis)","Epilepsie (complément végétal)","traditionnel_rapporté"
"ORL","Ail (Allium sativum)","Otite moyenne (complément)","traditionnel_rapporté"
"ORL","Eucalyptus (Eucalyptus globulus)","Rhinite allergique / sinusite","traditionnel_avéré"
"ORL","Ginkgo biloba","Acouphène (complément)","clinique"
"ORL","Ginkgo biloba","Vertige de Menière (complément)","clinique"
"ORL","Lierre (Hedera helix)","Laryngite / enrouement","clinique"
"ORL","Menthe poivrée (Mentha piperita)","Coryza / nez bouché","clinique"
"ORL","Thym (Thymus vulgaris)","Pharyngite / angine","clinique"
"Toxicologie","Aloe vera (aloès)","Protection solaire naturelle","traditionnel_rapporté"
"Toxicologie","Chenopodium ambrosioides","Piqûre de scorpion (complément)","traditionnel_rapporté"
"Toxicologie","Eau physiologique / eau stérile","Brûlure chimique (œil) (complément)","OMS"
"Toxicologie","Eucalyptus citriodora (Citronnelle de Java)","Moustiques (répulsif)","traditionnel_rapporté"
"Toxicologie","Gingembre (Zingiber officinale)","Intoxication alimentaire (complément)","clinique"
"Toxicologie","Ginseng (Panax ginseng)","Tabagisme (complément)","clinique"
"Toxicologie","Kudzu (Pueraria lobata)","Dépendance à l'alcool (complément)","traditionnel_rapporté"
"Toxicologie","Menthe poivrée (Mentha piperita)","Insolation / coup de chaleur","traditionnel_avéré"
"Toxicologie","Urtica dioica (Ortie)","Douleur de morsure de serpent (complément)","traditionnel_rapporté"
"Toxicologie","Vernonia amygdalina (Blake)","Insecte venimeux (douleur)","traditionnel_rapporté"
"Troubles cardiovasculaires","Ail (Allium sativum)","Hypertension","clinique"
"Troubles cardiovasculaires","Artichaut (Cynara scolymus)","Cholestérol élevé","clinique"
"Troubles cardiovasculaires","Aubépine (Crataegus oxyacantha)","Tachycardie / palpitations","clinique"
"Troubles cardiovasculaires","Ginkgo biloba","Thrombose veineuse (prévention)","clinique"
"Troubles cardiovasculaires","Ginseng africain (Kaempferia aethiopica)","Hypotension","traditionnel_rapporté"
"Troubles cardiovasculaires","Hibiscus sabdariffa (bissap)","Hypertension","clinique"
"Troubles cardiovasculaires","Moringa oleifera","Anémie","clinique"
"Troubles cardiovasculaires","Passiflore (Passiflora incarnata)","Tachycardie / palpitations","clinique"
"Troubles cardiovasculaires","Persicaria odorata (Menthe vietnamienne)","Anémie","traditionnel_rapporté"
"Troubles cutanés","Ail (Allium sativum)","Mycose cutanée","traditionnel_rapporté"
"Troubles cutanés","Ail (Allium sativum)","Teigne / dermatophytose","traditionnel_rapporté"
"Troubles cutanés","Aloe vera (aloès)","Aphte / lésions buccales","OMS"
"Troubles cutanés","Aloe vera (aloès)","Cicatrisation lente","OMS"
"Troubles cutanés","Aloe vera (aloès)","Crevasses / peau gercée","OMS"
"Troubles cutanés","Aloe vera (aloès)","Infection cutanée / plaie","OMS"
"Troubles cutanés","Banane plantain (Musa paradisiaca)","Brûlures","traditionnel_avéré"
"Troubles cutanés","Calendula officinalis (Souci)","Psoriasis / eczéma","traditionnel_avéré"
"Troubles cutanés","Calendula officinalis (Souci)","Stomatite / muguet","traditionnel_avéré"
"Troubles cutanés","Girofle (Syzygium aromaticum)","Douleur dentaire","clinique"
"Troubles cutanés","Gommier rouge (Bursera simaruba)","Infection cutanée / plaie","traditionnel_rapporté"
"Troubles cutanés","Lemon balm (Melissa officinalis)","Herpès labial","clinique"
"Troubles cutanés","Neem (margousier)","Prurit / démangeaisons","traditionnel_rapporté"
"Troubles cutanés","Neem (margousier)","Psoriasis / eczéma","traditionnel_rapporté"
"Troubles cutanés","Nigelle sativa (Nigelle)","Acné","traditionnel_rapporté"
"Troubles cutanés","Rac commun (Salvadora persica)","Gingivite","traditionnel_avéré"
"Troubles digestifs","Ail (Allium sativum)","Vers intestinaux (parasitose)","traditionnel_avéré"
"Troubles digestifs","Annona muricata (Corossol)","Amibiase","traditionnel_rapporté"
"Troubles digestifs","Arachide (Arachis hypogaea)","Malnutrition (IMC bas)","OMS"
"Troubles digestifs","Bael fruit (Aegle marmelos)","Shigellose","traditionnel_rapporté"
"Troubles digestifs","Banane plantain (Musa paradisiaca)","Diarrhée","traditionnel_avéré"
"Troubles digestifs","Banane plantain (Musa paradisiaca)","Ulcère gastroduodénal","traditionnel_avéré"
"Troubles digestifs","Gingembre (Zingiber officinale)","Dyspepsie","clinique"
"Troubles digestifs","Goyavier (Psidium guajava)","Diarrhée","traditionnel_avéré"
"Troubles digestifs","Guava (Psidium guajava)","Dysenterie amibienne","traditionnel_avéré"
"Troubles digestifs","Manguier (Mangifera indica)","Diarrhée","traditionnel_avéré"
"Troubles digestifs","Menthe poivrée (Mentha piperita)","Entécolite spasmodique","clinique"
"Troubles digestifs","Menthe poivrée (Mentha piperita)","Migraine / céphalée","clinique"
"Troubles digestifs","Myrobolan (Terminalia chebula)","Diarrhée","traditionnel_avéré"
"Troubles digestifs","Mélange Moringa + Soja + Mil","Malnutrition (IMC bas)","OMS"
"Troubles digestifs","Orthosiphon stamineus (Java tea)","Calculs rénaux (complément)","traditionnel_rapporté"
"Troubles digestifs","Orthosiphon stamineus (Java tea)","Infection urinaire","traditionnel_rapporté"
"Troubles digestifs","Papayer (Carica papaya)","Vers intestinaux (parasitose)","traditionnel_avéré"
"Troubles digestifs","Phyllanthus amarus","Hépatite","clinique"
"Troubles digestifs","Phyllanthus niruri","Hépatite B (complément)","clinique"
"Troubles digestifs","Psyllium (Plantago ovata)","Gastro-entérite","clinique"
"Troubles digestifs","Séné (Cassia acutifolia)","Constipation","traditionnel_avéré"
"Troubles digestifs","Uva ursi (Arctostaphylos uva-ursi)","Infection urinaire","clinique"
"Troubles digestifs","Varech (Fucus vesiculosus)","Gastrite / reflux","traditionnel_rapporté"
"Urologie","Artichaut (Cynara scolymus)","Calculs biliaires (complément)","clinique"
"Urologie","Canneberge (Vaccinium macrocarpon)","Cystite","clinique"
"Urologie","Eurycoma longifolia (Tongkat Ali)","Hypertrophie prostatique (complément)","traditionnel_rapporté"
"Urologie","Orthosiphon stamineus (Java tea)","Insuffisance rénale chronique (complément)","traditionnel_rapporté"
"Urologie","Pétrilium (Petroselinum crispum)","Dysurie / brûlures urinaires","traditionnel_avéré"
"État général","Anis vert (Pimpinella anisum)","Colique néonatale","traditionnel_avéré"
"État général","Banane plantain (Musa paradisiaca)","Brûlure d'estomac","traditionnel_avéré"
"État général","Boswellia serrata (Oliban)","Entérite / maladie de Crohn","clinique"
"État général","Calendula officinalis (Souci)","Dermatite couche","traditionnel_avéré"
"État général","Camomille matricaire","Dentition difficile","traditionnel_avéré"
"État général","Eau de coco + sel + sucre (SRO maison)","Déshydratation","OMS"
"État général","Fenouil (Foeniculum vulgare)","Coliques infantiles","traditionnel_avéré"
"État général","Garcinia cambogia","Obésité","clinique"
"État général","Gentiane (Gentiana lutea)","Perte d'appétit","traditionnel_avéré"
"État général","Gingembre (Zingiber officinale)","Douleurs menstruelles","clinique"
"État général","Ginkgo biloba","Vertige / étourdissements","clinique"
"État général","Ginseng (Panax ginseng)","Fatigue / asthénie","clinique"
"État général","Ginseng africain (Kaempferia aethiopica)","Fatigue / asthénie","traditionnel_rapporté"
"État général","Gymnema sylvestre","Diabète de type 2","clinique"
"État général","Kinkeliba (Combretum micranthum)","Gonflement abdominal (ascite)","traditionnel_avéré"
"État général","Leonotis leonurus","Pertes de sang abondantes (métrorragies)","traditionnel_rapporté"
"État général","Lime (Citrus aurantifolia)","Déshydratation","traditionnel_avéré"
"État général","Linaire (Linaria vulgaris)","Toux infantile","traditionnel_avéré"
"État général","Mangifera indica (Manguier)","Diabète de type 2","clinique"
"État général","Menthe poivrée (Mentha piperita)","Douleur / crampes abdominales","clinique"
"État général","Moringa oleifera","Diabète de type 2","clinique"
"État général","Passiflore (Passiflora incarnata)","Stress / anxiété","clinique"
"État général","Passiflore (Passiflora incarnata)","Épilepsie (adjunct)","clinique"
"État général","Pissenlit (Taraxacum officinale)","Cirrhose (complément)","traditionnel_rapporté"
"État général","Sauge (Salvia officinalis)","Ménopause (bouffées de chaleur)","clinique"
"État général","Silybum marianum (Chardon-Marie)","Hépatite (complément)","clinique"
"État général","Valériane (Valeriana officinalis)","Insomnie","clinique"
