disease,disease_category,plant_name_fr,plant_name_local,part_used,preparation,dosage_adult,dosage_child,precautions,contre_indications,max_severity,evidence_level,source,source_url
Conjonctivite bactérienne,Maladies oculaires contagieuses,Neem (margousier),"Dogo yaro (haoussa), Kine (bambara)",Feuilles,"Décoction: 10 feuilles fraîches dans 200ml d'eau bouillante 10 min, filtrer. Utiliser en collyre tiède.",2 gouttes x 3/j pendant 5-7 jours,1 goutte x 2/j (diluée 50% eau stérile),Éviter chez le nourrisson < 6 mois. Ne pas réutiliser la même solution > 24h.,Ne pas ingérer. Femmes enceintes (abortif à haute dose). Allergie au neem.,modere,traditionnel_avéré,WHO Monographs Vol.2 — Azadirachta indica (2002). PROTA Vol.11(1).,https://pubmed.ncbi.nlm.nih.gov/41792584/
Conjonctivite virale,Maladies oculaires contagieuses,Aloe vera (aloès),"Sabar (wolof), Haléïta (haoussa)",Gel des feuilles,"Extraire le gel frais, diluer 1:3 avec eau stérile tiède. Appliquer sur les paupières fermées.",Application externe x 3/j,Application externe x 2/j,Ne pas mettre directement dans l'œil. Usage externe uniquement.,Allergie aux Asphodelaceae. Ne pas ingérer le gel non traité (laxatif puissant).,modere,traditionnel_avéré,WHO Monographs Vol.1 — Aloe vera (1999). PROTA Vol.11(1).,https://pubmed.ncbi.nlm.nih.gov/22338121/
Trachome,Maladies oculaires contagieuses,Aloe vera (aloès),"Sabar (wolof), Sérew (peul)",Gel des feuilles,Gel pur appliqué localement sur les paupières après nettoyage à l'eau salée tiède.,Application locale x 2/j,Application locale x 1/j,Le trachome actif nécessite un traitement antibiotique (azithromycine). Consulter.,Ne remplace pas le traitement médicamenteux.,eleve,traditionnel_rapporté,Neuwinger (2000) — African Traditional Medicine.,https://pubmed.ncbi.nlm.nih.gov/?term=Aloe+vera+trachoma
Trachome,Maladies oculaires contagieuses,Harungana madagascariensis,"Harongana (malgache), Otounga (fang)",Écorce,Décoction: 1 c. à café d'écorce pilée dans 200ml d'eau 15 min. Compresse oculaire externe.,Compresse tiède x 2/j,Compresse tiède x 1/j,Usage externe uniquement. Ne pas instiller dans l'œil.,Usage externe strict. Ne pas ingérer.,eleve,traditionnel_rapporté,Tradiprat — Université de Yaoundé I. Neuwinger (2000).,https://pubmed.ncbi.nlm.nih.gov/?term=Harungana+madagascariensis+trachoma
Blépharite infectieuse,Maladies oculaires contagieuses,Camomille matricaire,Camomille,Fleurs séchées,Infusion: 1 c. à café dans 150ml d'eau bouillante 5 min. Refroidir.,"Compresse tiède x 3/j, 10 min","Compresse tiède x 2/j, 5 min",Bien filtrer. Ne pas partager les compresses.,Allergie aux Astéracées. Ne pas utiliser en collyre direct.,modere,traditionnel_avéré,ESCOP Monographs — Matricaria recutita (2009).,https://pubmed.ncbi.nlm.nih.gov/10871109/
Blépharite infectieuse,Maladies oculaires contagieuses,Eufraise (Euphrasia officinalis),"Eufraise, Casse-lunettes",Plante entière séchée,Infusion: 1 c. à café dans 150ml d'eau bouillante 10 min. Filtrer finement.,1-2 gouttes x 3/j ou compresse x 2/j,Compresse seule x 1/j,Solution fraîche chaque jour.,Allergie aux Orobanchacées. Grossesse.,modere,traditionnel_avéré,ESCOP Monographs — Euphrasia officinalis.,https://pubmed.ncbi.nlm.nih.gov/?term=Euphrasia+officinalis+infectious+blepharitis
Dry eye syndrome,Maladies oculaires contagieuses,Fenouil (Foeniculum vulgare),"Fenouil, Badiam (wolof)",Graines,Infusion: 1 c. à café de graines écrasées dans 150ml d'eau bouillante 10 min. Compresse tiède.,Compresse x 2/j + 1 tasse infusion/j,Compresse x 1/j,Lavages oculaires à l'eau stérile avant application.,Allergie aux Apiacées. Grossesse (effet œstrogénique).,faible,traditionnel_rapporté,Neuwinger (2000). ESCOP Monographs — Foeniculi amari fructus.,https://pubmed.ncbi.nlm.nih.gov/36803269/
Cataracte,Maladies oculaires non-contagieuses,Moringa oleifera,"Nebeday (wolof), Zogala (haoussa)",Feuilles séchées,Infusion: 1 c. à soupe dans 200ml d'eau bouillante 5 min. Boire tiède.,1 tasse x 2/j,1/2 tasse x 1/j,Ne remplace pas la chirurgie. Riche en vitamine A.,Ne pas dépasser 4 c. à café/j de poudre. Interaction thyroïdiens.,faible,clinique,Fahey JW (2005) — Moringa oleifera: A Review. J. Food Science.,https://pubmed.ncbi.nlm.nih.gov/40507153/
Cataracte,Maladies oculaires non-contagieuses,Ginkgo biloba,Ginkgo,Feuilles séchées,Infusion: 1 c. à café dans 200ml d'eau bouillante 10 min.,1 tasse x 1/j,Non recommandé,Effet anticoagulant léger.,Anticoagulants. Épilepsie. Grossesse.,faible,clinique,Weinreb RN (2018) — NEJM. Études neuroprotection rétinienne.,https://pubmed.ncbi.nlm.nih.gov/35442771/
Glaucome,Maladies oculaires non-contagieuses,Ginkgo biloba,Ginkgo,Feuilles séchées,Infusion: 1 c. à café dans 200ml d'eau bouillante 10 min.,1 tasse x 1/j ou 120mg extrait sec x 1/j,Non recommandé,Ne pas substituer aux collyres hypotenseurs prescrits.,Anticoagulants. Précédent d'hémorragie. Grossesse.,eleve,clinique,Quaranta L et al. (2003) — Ophthalmology.,https://pubmed.ncbi.nlm.nih.gov/32282348/
Glaucome,Maladies oculaires non-contagieuses,Myrtille (Vaccinium myrtillus),"Myrtille, Airelle",Baies,Consommer baies fraîches ou infusion: 2 c. à soupe dans 200ml d'eau 10 min.,100g baies/j ou 1 tasse infusion x 2/j,30g baies/j ou 1/2 tasse x 1/j,Riche en anthocyanes. Complément au traitement médical.,Peut abaisser glycémie. Anticoagulants.,eleve,clinique,Canter PH & Ernst E (2004) — Survey of Ophthalmology.,https://pubmed.ncbi.nlm.nih.gov/26845880/
Myopie,Maladies oculaires non-contagieuses,Carotte (Daucus carota),Karoti (swahili),Racines,Jus frais ou râpée crue avec corps gras.,1 verre de jus/j (200ml),1/2 verre/j,Riche en bêta-carotène. Consultation ophtalmologique recommandée.,Aucune à dose alimentaire.,faible,OMS,WHO — Vitamin A supplementation guidelines.,https://pubmed.ncbi.nlm.nih.gov/?term=Daucus+carota+myopia
Rétinopathie diabétique,Maladies oculaires non-contagieuses,Myrtille (Vaccinium myrtillus),Myrtille,Feuilles et baies,Infusion: 1 c. à soupe de feuilles séchées dans 200ml d'eau bouillante 10 min.,1 tasse x 2/j,Non recommandé,Surveiller glycémie. Consultation ophtalmologique annuelle.,Patients sous antidiabétiques oraux.,eleve,clinique,Kalt W et al. (2020) — Nutrients.,https://pubmed.ncbi.nlm.nih.gov/25582181/
Rétinopathie diabétique,Maladies oculaires non-contagieuses,Gymnema sylvestre,"Gymnema, Gurmar",Feuilles,Infusion: 1 c. à café dans 150ml d'eau bouillante 10 min.,1 tasse x 2/j avant les repas,Non recommandé,Peut interagir antidiabétiques/insuline. Suivi médical obligatoire.,Hypoglycémie sévère. Grossesse. Diabète type 1 instable.,eleve,clinique,Baskaran K et al. (1990) — J. Ethnopharmacology.,https://pubmed.ncbi.nlm.nih.gov/32365383/
Jaunisse (ictère),Maladies oculaires non-contagieuses,Phyllanthus amarus,"Kafiné (bambara), Queue-de-rat",Plante entière,Décoction: 1 poignée dans 500ml d'eau bouillante 15 min. Filtrer.,1/2 tasse x 3/j pendant 7 jours,1 c. à soupe x 2/j (enfant > 2 ans),Hépatoprotecteur reconnu. Consulter rapidement.,Ictère obstructif. Grossesse.,eleve,clinique,Thyagarajan SP et al. (1988) — The Lancet.,https://pubmed.ncbi.nlm.nih.gov/38642916/
Ptérygion,Maladies oculaires non-contagieuses,Camomille matricaire,Camomille,Fleurs séchées,Infusion concentrée: 2 c. à soupe dans 200ml d'eau 15 min. Compresse froide.,"Compresse froide x 2/j, 10 min",Compresse froide x 1/j,"Si gêne visuelle, référer pour chirurgie.",Allergie aux Astéracées.,modere,traditionnel_avéré,ESCOP Monographs — Matricaria recutita.,https://pubmed.ncbi.nlm.nih.gov/?term=Matricaria+chamomilla+pterygium
Uvéite,Maladies oculaires non-contagieuses,Curcuma (Curcuma longa),"Curcuma, Nwandum (bamiléké)",Rhizome,Décoction: 1 c. à café de poudre dans 200ml de lait chaud 5 min + poivre noir.,1 tasse x 2/j,1/2 tasse x 1/j (enfant > 5 ans),Uvéite = urgence ophtalmologique. Ne pas substituer aux corticoïdes.,Obstruction biliaire. Calculs biliaires. Anticoagulants.,eleve,clinique,Aggarwal BB et al. (2007) — Adv. Exp. Med. Biol.,https://pubmed.ncbi.nlm.nih.gov/23143785/
Conjonctivite allergique,Maladies oculaires contagieuses,Nigelle sativa (Nigelle),"Habba sawda (haoussa), Dame noire",Graines,Infusion: 1 c. à café de graines écrasées dans 150ml d'eau bouillante 10 min. Collyre tiède.,Collyre tiède x 3/j,Collyre tiède x 2/j,Bien filtrer. Solution fraîche chaque jour.,Allergie aux Ranonculacées. Grossesse (effet utérotonique).,modere,traditionnel_rapporté,Ali BH & Blunden G (2003) — Pharmacological and toxicological properties of Nigella sativa. J. Ethnopharmacology.,https://pubmed.ncbi.nlm.nih.gov/21604966/
Conjonctivite allergique,Maladies oculaires contagieuses,Sanglier (Cassia occidentalis),"Touma (wolof), Cassier",Feuilles,Infusion: 5 feuilles dans 200ml d'eau bouillante 10 min. Compresse oculaire.,Compresse x 3/j,Compresse x 2/j,Usage externe uniquement.,Insuffisance hépatique. Grossesse.,modere,traditionnel_rapporté,PROTA Vol.11(1) — Cassia occidentalis.,https://pubmed.ncbi.nlm.nih.gov/29649507/
Cécité nocturne (nyctalopie),Maladies oculaires non-contagieuses,Moringa oleifera,Nebeday (wolof),Feuilles fraîches,Cuisiner les feuilles comme des épinards ou jus frais avec citron.,200g feuilles fraîches/j en cure 30 jours,100g feuilles fraîches/j,Riche en vitamine A (provitamine A). Prévention et complément.,Aucune majeure à dose alimentaire.,faible,OMS,WHO — Vitamin A deficiency and night blindness prevention guidelines.,https://pubmed.ncbi.nlm.nih.gov/36676012/
Orgelet,Maladies oculaires contagieuses,Calotropis procera,"Funtun (haoussa), Caoutchouc",Latex + feuilles,Appliquer une goutte de latex dilué sur l'orgelet. Ou compresse de feuilles chaudes.,Application x 2/j,Application x 1/j,Le latex est irritant — diluer. Ne pas mettre dans l'œil.,Allergie aux Asclepiadaceae. Ne pas ingérer (toxique). Yeux ouverts.,modere,traditionnel_rapporté,Neuwinger (2000) — African Traditional Medicine. PROTA Vol.11(1).,https://pubmed.ncbi.nlm.nih.gov/?term=Calotropis+procera+hordeolum+stye
Fièvre (paludisme probable),Fièvre et syndromes fébriles,Artemisia annua (armoise annuelle),"Armoise, Sweet wormwood",Feuilles séchées,Infusion: 1 c. à soupe dans 200ml d'eau bouillante 10 min. Boire tiède.,1 tasse x 3/j pendant 7 jours,1/2 tasse x 2/j (enfant > 3 ans),Validé par l'OMS (artémisinine). TDR recommandé. Consulter si pas d'amélioration sous 48h.,Grossesse 1er trimestre. Allergie Astéracées. Pas de quinine sans avis.,eleve,OMS,WHO Monographs Vol.3 — Artemisia annua (2007).,https://pubmed.ncbi.nlm.nih.gov/16612385/
Fièvre (paludisme probable),Fièvre et syndromes fébriles,Azadirachta indica (neem),"Dogo yaro (haoussa), Nim (fulfulde)",Feuilles,"Décoction: 20 feuilles dans 500ml d'eau, bouillir 15 min. Boire refroidi.",100ml x 3/j,1/2 verre x 2/j,Amer. Ne pas utiliser chez la femme enceinte. Pas > 7 jours.,Grossesse (abortif). Insuffisance rénale. Enfants < 2 ans.,eleve,traditionnel_avéré,WHO Monographs Vol.2 — Azadirachta indica (2002).,https://pubmed.ncbi.nlm.nih.gov/38358164/
Fièvre (paludisme probable),Fièvre et syndromes fébriles,Catharanthus roseus,"Vinca, Vinka (wolof)",Feuilles fraîches,Infusion: 10 feuilles dans 200ml d'eau bouillante 10 min. Boire tiède.,1 tasse x 2/j pendant 5 jours,1/2 tasse x 2/j (enfant > 5 ans),Antipaludique traditionnel. Ne pas dépasser 5 jours. Suivi médical.,Grossesse (effet cytotoxique). Insuffisance rénale/hepatique. Chimiothérapie.,eleve,traditionnel_rapporté,Neuwinger (2000). Mythri H et al. (2016) — Antimalarial activity of Catharanthus roseus.,https://pubmed.ncbi.nlm.nih.gov/39540962/
Fièvre simple,Fièvre et syndromes fébriles,Citronnelle (Cymbopogon citratus),"Tsoutsoum (fulfulde), Ti-baie",Feuilles fraîches,Infusion: 2 tiges dans 500ml d'eau bouillante 10 min. Boire chaud.,1 tasse x 4/j,1/2 tasse x 3/j,Antipyrétique léger. Hydrater abondamment.,Insuffisance rénale. Sous anxiolytiques.,modere,traditionnel_avéré,PROTA Vol.11(1) — Cymbopogon citratus.,https://pubmed.ncbi.nlm.nih.gov/27693771/
Fièvre simple,Fièvre et syndromes fébriles,Gingembre (Zingiber officinale),"Sánta (fulfulde), Jahe (swahili)",Rhizome frais,Râper 2 cm dans 200ml d'eau bouillante 10 min + citron + miel.,1 tasse x 3/j,1/2 tasse x 2/j (enfant > 2 ans),Sudorifique + immunostimulant.,Ulcère gastrique. Lithiase biliaire. Anticoagulants.,modere,clinique,WHO Monographs Vol.3 — Zingiber officinale (2007).,https://pubmed.ncbi.nlm.nih.gov/17950516/
Fièvre typhoïde,Fièvre et syndromes fébriles,Vernonia amygdalina (Blake),"Grawa (amharique), Ndolé (bamenda)",Feuilles fraîches,Décoction: 1 poignée de feuilles dans 500ml d'eau 15 min. Boire refroidi.,1 verre x 3/j pendant 7 jours,1/2 verre x 2/j (enfant > 3 ans),Antipyrétique + antibactérien. TDR typhoïde recommandé. Consulter si fièvre > 39°C persistante.,Grossesse (effet abortif documenté). Insuffisance hépatique.,eleve,traditionnel_avéré,Abosi CO & Rakhmanov O (1990) — Antimalarial efficacy of Vernonia amygdalina. J. Ethnopharmacology.,https://pubmed.ncbi.nlm.nih.gov/34746457/
Chikungunya / Dengue,Fièvre et syndromes fébriles,Coriandrum sativum (Coriandre),"Tanbol (haoussa), Kudhippoo (tamil)",Graines + feuilles,Infusion: 1 c. à soupe de graines pilées dans 200ml d'eau bouillante 15 min. Boire chaud.,1 tasse x 3/j pendant 5 jours,1/2 tasse x 2/j (enfant > 2 ans),Anti-inflammatoire + antipyrétique. Hydrater abondamment. Consulter.,Insuffisance rénale. Allergie aux Apiacées.,modere,traditionnel_rapporté,Dhanapakiam P et al. (1998) — Chemical properties of Coriandrum sativum. J. Sci. Food Agric.,https://pubmed.ncbi.nlm.nih.gov/42697636/
Rougeole,Fièvre et syndromes fébriles,Vernonia amygdalina (Blake),Ndolé (bamenda),Feuilles,Décoction douce: 1 poignée de jeunes feuilles dans 300ml d'eau tiède 10 min. Boire.,1 verre x 3/j pendant 5 jours,1/2 verre x 2/j (enfant > 1 an),Hydratation + vitamine A (OMS). Ne remplace pas le suivi pédiatrique.,Enfants < 6 mois. Allergie.,modere,traditionnel_avéré,WHO — Vitamin A supplementation for measles guidelines.,https://pubmed.ncbi.nlm.nih.gov/19168120/
Infection respiratoire aiguë,Infections respiratoires,Eucalyptus (Eucalyptus globulus),Kalitus (fulfulde),Feuilles séchées,Inhalation: 1 poignée dans 1L d'eau bouillante. Inhaler 10 min. Ou infusion.,Inhalation x 2/j + infusion x 2/j,Inhalation x 1/j (surveillé),Ne pas ingérer huile essentielle pure. Asthmatiques: prudence.,Asthme sévère. Insuffisance hépatique.,modere,traditionnel_avéré,WHO Monographs Vol.2 — Eucalyptus globulus (2002).,https://pubmed.ncbi.nlm.nih.gov/35834630/
Infection respiratoire aiguë,Infections respiratoires,Miel + Citron (Allium sativum),Ndiyam wiiki (fulfulde),Miel + gousse d'ail,Écraser 2 gousses dans 2 c. à soupe de miel. Laisser reposer 2h.,1 c. à café x 3/j,1/2 c. à café x 2/j (enfant > 1 an),Ne pas donner miel < 1 an (botulisme).,Enfants < 1 an. Allergie ail. Ulcère. Anticoagulants.,modere,OMS,OMS — Recommandations miel antitussif. WHO Monographs Vol.1.,https://pubmed.ncbi.nlm.nih.gov/22962927/
Infection respiratoire aiguë,Infections respiratoires,Kinkéliba (Combretum micranthum),"Kinkéliba (wolof), Ngéne (bambara)",Feuilles séchées,Infusion: 1 poignée dans 500ml d'eau bouillante 10 min.,1 tasse x 3/j,1/2 tasse x 2/j,Bien toléré. Boire entre les prises.,Insuffisance rénale sévère.,modere,traditionnel_avéré,PROTA Vol.11(1) — Combretum micranthum.,https://pubmed.ncbi.nlm.nih.gov/38731582/
Infection respiratoire aiguë,Infections respiratoires,Thym (Thymus vulgaris),"Thym, Taanet (amazigh)",Feuilles séchées,Infusion: 1 c. à café dans 150ml d'eau bouillante 10 min. Boire chaud.,1 tasse x 3/j (antitussif + expectorant),1/2 tasse x 2/j (enfant > 4 ans),Effet antispasmodique bronchique. Inhalation possible.,Allergie aux Lamiacées. Épilepsie. Grossesse.,modere,clinique,ESCOP Monographs — Thymi herba (2003).,https://pubmed.ncbi.nlm.nih.gov/37765014/
Asthme / bronchospasme,Infections respiratoires,Eucalyptus (Eucalyptus globulus),Eucalyptus,Feuilles séchées,Inhalation de vapeurs: 1 poignée dans 1L d'eau bouillante 10 min. Ou huile essentielle diluée.,Inhalation x 2/j,Inhalation x 1/j (surveillé),Asthme sévère: prudence. Huile essentielle: ne pas ingérer.,Asthme sévère non contrôlé. Insuffisance hépatique.,modere,traditionnel_avéré,WHO Monographs Vol.2. ESCOP — Eucalypti aetheroleum.,https://pubmed.ncbi.nlm.nih.gov/29433388/
Asthme / bronchospasme,Infections respiratoires,Boswellia serrata (Oliban),"Luban (somali), Incensier",Résine,Décoction: 1 c. à café de résine dans 200ml d'eau bouillante 15 min. Boire tiède.,1 tasse x 2/j pendant 4 semaines,1/2 tasse x 1/j (enfant > 6 ans),Anti-inflammatoire bronchique. Action lente (2-4 semaines).,Ulcère gastroduodénal. Anticoagulants. Grossesse.,modere,clinique,Ammon HP (2006) — Boswellia serrata: anti-inflammatory and anti-arthritic properties. Planta Medica.,https://pubmed.ncbi.nlm.nih.gov/33151656/
Mucoviscidose (complément),Infections respiratoires,Thym (Thymus vulgaris),Thym,Feuilles séchées,Infusion: 1 c. à café dans 200ml d'eau bouillante 10 min. Boire chaud.,1 tasse x 2/j (expectorant),1/2 tasse x 1/j (enfant > 4 ans),Complément au traitement médical. Hydratation abondante.,Allergie Lamiacées. Épilepsie.,faible,traditionnel_rapporté,ESCOP Monographs — Thymi herba.,https://pubmed.ncbi.nlm.nih.gov/41151657/
Désaturation / dyspnée,Infections respiratoires,Moringa oleifera,"Nebeday (wolof), Zogala",Feuilles en poudre,1 c. à café de poudre dans un verre d'eau/jus.,2 c. à café/j (cure 30 jours),1 c. à café/j,SpO2 < 94% = urgence médicale. Moringa = complément nutritionnel.,Aucune majeure à dose alimentaire.,eleve,clinique,Fahey JW (2005) — J. Food Science.,https://pubmed.ncbi.nlm.nih.gov/41125614/
Toux chronique,Infections respiratoires,Ricin commun (Ricinus communis),"Ricin, Largidé (wolof)",Feuilles,Cataplasme de feuilles chaudes sur la poitrine. Ou infusion: 3 feuilles dans 300ml d'eau 10 min.,1 tasse x 2/j + cataplasme x 1/j,Cataplasme x 1/j (enfant > 6 ans),Usage externe en priorité. Ricin = toxique par voie orale à haute dose.,Ne pas ingérer graines. Insuffisance rénale. Grossesse.,modere,traditionnel_rapporté,Neuwinger (2000). An毒理学 studies on Ricinus communis.,https://pubmed.ncbi.nlm.nih.gov/37585800/
Tachycardie / palpitations,Troubles cardiovasculaires,Aubépine (Crataegus oxyacantha),"Aubépine, Cenellier",Fleurs et feuilles,Infusion: 1 c. à soupe dans 200ml d'eau bouillante 15 min.,1 tasse x 2/j,Ne pas administrer sans avis médical,"Cardiotonique. Si FC > 120 bpm, consulter en urgence.",Insuffisance cardiaque sévère. Digitaliques/bêta-bloquants. Enfants.,eleve,clinique,WHO Monographs Vol.4 — Crataegus spp. (2009).,https://pubmed.ncbi.nlm.nih.gov/11887407/
Tachycardie / palpitations,Troubles cardiovasculaires,Passiflore (Passiflora incarnata),Passiflore,Parties aériennes séchées,Infusion: 1 c. à café dans 200ml d'eau bouillante 10 min.,1 tasse x 2/j,1/2 tasse x 1/j (enfant > 6 ans),Anxiolytique. Effet sédatif. Ne pas conduire.,Grossesse. Sédatifs/anxiolytiques. Hypotension sévère.,modere,clinique,ESCOP Monographs — Passiflora incarnata (2013).,https://pubmed.ncbi.nlm.nih.gov/21089181/
Hypertension,Troubles cardiovasculaires,Ail (Allium sativum),"Tafarnuwa (haoussa), Yaawo (fulfulde)",Gousse fraîche,"Écraser 1 gousse, laisser reposer 10 min. Avaler crue.",1 gousse x 2/j,1/2 gousse x 1/j (enfant > 5 ans),Antihypertenseur + anticoagulant. Surveillance TA.,Anticoagulants. Avant chirurgie. Grossesse (doses élevées).,eleve,clinique,WHO Monographs Vol.1. Ried K et al. (2013) — BMC Cardiovasc. Disorders.,https://pubmed.ncbi.nlm.nih.gov/33174095/
Hypertension,Troubles cardiovasculaires,Hibiscus sabdariffa (bissap),"Bissap (wolof), Foléré (peul)",Calices séchés,"Infusion à froid: 2 c. à soupe dans 500ml d'eau, 2h au frais.",1 verre x 2/j,1/2 verre x 1/j,Diurétique naturel. Rincer la bouche après.,Hypotension. Grossesse. Diurétiques.,eleve,clinique,Haji Faraji M & Haji Tarkhani AH (1999) — J. Ethnopharmacology.,https://pubmed.ncbi.nlm.nih.gov/34694241/
Hypotension,Troubles cardiovasculaires,Ginseng africain (Kaempferia aethiopica),Mblaba (diola),Rhizome,Décoction: 1 cm râpé dans 200ml d'eau 10 min. Boire le matin.,"1 tasse x 1/j (matin, cure 15 jours)",1/2 tasse x 1/j (enfant > 6 ans),Tonique circulatoire. Cure 15 jours max.,Hypertension non contrôlée. Insomnie.,faible,traditionnel_rapporté,Neuwinger (2000) — African Traditional Medicine.,https://pubmed.ncbi.nlm.nih.gov/?term=Kaempferia+aethiopica+hypotension
Anémie,Troubles cardiovasculaires,Moringa oleifera,"Nebeday (wolof), Zogala",Feuilles fraîches ou poudre,Cuisiner les feuilles ou 1 c. à café de poudre dans un verre d'eau.,2 c. à café de poudre/j (cure 30 jours),1 c. à café/j,Riche en fer + vitamine C. Cure 30 jours minimum.,Hémochromatose.,modere,clinique,Stohs SJ & Hartman MJ (2015) — Phytotherapy Research.,https://pubmed.ncbi.nlm.nih.gov/37375577/
Anémie,Troubles cardiovasculaires,Persicaria odorata (Menthe vietnamienne),Menthe poivrée asiatique,Feuilles fraîches,Infusion: 1 poignée de feuilles dans 200ml d'eau bouillante 5 min.,1 tasse x 2/j,1/2 tasse x 1/j (enfant > 3 ans),Riche en fer et magnésium. Complément nutritionnel.,Allergie aux Lamiacées.,faible,traditionnel_rapporté,PROTA Vol.11(1).,https://pubmed.ncbi.nlm.nih.gov/?term=Persicaria+odorata+anemia
Cholestérol élevé,Troubles cardiovasculaires,Artichaut (Cynara scolymus),Artichaut,Feuilles,Infusion: 2 c. à soupe de feuilles séchées dans 300ml d'eau bouillante 15 min.,1 tasse x 2/j pendant 4 semaines,Non recommandé < 12 ans,Hépatoprotecteur + hypocholestérolémiant. Surveillance lipidique.,Obstruction biliaire. Calculs biliaires. Allergie Astéracées.,modere,clinique,Saénz Rodriguez T et al. (2005) — Pharmacol. Biochem. Behav.,https://pubmed.ncbi.nlm.nih.gov/?term=Cynara+scolymus+hypercholesterolemia
Thrombose veineuse (prévention),Troubles cardiovasculaires,Ginkgo biloba,Ginkgo,Feuilles séchées,Extrait standardisé: 120mg/j en gélules ou infusion.,120mg extrait sec/j ou 1 tasse infusion/j,Non recommandé,Améliore la microcirculation. Effet antiagrégant.,Anticoagulants. Avant chirurgie. Épilepsie.,modere,clinique,Weinreb RN (2018) — NEJM. Études sur flux sanguin rétinien.,https://pubmed.ncbi.nlm.nih.gov/32108493/
Diarrhée,Troubles digestifs,Goyavier (Psidium guajava),"Goyaba (fulfulde), Guava",Jeunes feuilles,Décoction: 10 jeunes feuilles dans 300ml d'eau 10 min.,1/2 tasse x 3/j,2 c. à soupe x 3/j,Antiseptique intestinal. Arrêter si constipation.,Constipation. Syndrome côlon irritable constipé.,modere,traditionnel_avéré,Lozoya X et al. (2002) — J. Ethnopharmacology.,https://pubmed.ncbi.nlm.nih.gov/38578668/
Diarrhée,Troubles digestifs,Manguier (Mangifera indica),Mangoro (haoussa),Écorce du tronc,"Décoction: 1 morceau d'écorce (5cm) dans 500ml d'eau, 20 min.",1 verre x 3/j,1/4 verre x 3/j,Astringent puissant. Dernier recours.,Grossesse. Ulcère. Constipation.,modere,traditionnel_avéré,PROTA Vol.11(1) — Mangifera indica.,https://pubmed.ncbi.nlm.nih.gov/41155688/
Diarrhée,Troubles digestifs,Banane plantain (Musa paradisiaca),"Banane plantain, Banana",Racine + tiges,Décoction: racine pilée dans 500ml d'eau 20 min. Filtrer.,1 verre x 3/j,1/2 verre x 3/j,Astringent + nutritif. Bouillie de banane plantain = aliment diététique.,Aucune majeure.,modere,traditionnel_avéré,PROTA Vol.11(1) — Musa spp.,https://pubmed.ncbi.nlm.nih.gov/32893836/
Diarrhée,Troubles digestifs,Myrobolan (Terminalia chebula),"Haritaki (hindi), Katukkuru (tamoul)",Fruits,Infusion: 2 fruits séchés écrasés dans 200ml d'eau bouillante 15 min.,1 tasse x 2/j,1/2 tasse x 1/j (enfant > 5 ans),Astringent puissant. Pas > 5 jours.,Constipation. Grossesse.,modere,traditionnel_avéré,WHO Monographs Vol.1 — Terminalia chebula.,https://pubmed.ncbi.nlm.nih.gov/23620847/
Constipation,Troubles digestifs,Séné (Cassia acutifolia),"Séné, Khartoum",Feuilles,Infusion: 1 c. à soupe dans 200ml d'eau bouillante 10 min. Boire le soir.,1 tasse le soir (effet le matin),"1/2 tasse (enfant > 6 ans, occasionnel)",Laxatif stimulant. Usage ponctuel (< 2 semaines). Déshydratation possible.,Appendicite. Occlusion. Grossesse (utérotonique).,modere,traditionnel_avéré,WHO Monographs Vol.3 — Sennae folium.,https://pubmed.ncbi.nlm.nih.gov/37110216/
Gastrite / reflux,Troubles digestifs,Varech (Fucus vesiculosus),"Varech, Goemon",Thalle séché,Infusion: 1 c. à café dans 200ml d'eau bouillante 10 min.,1 tasse x 2/j avant les repas,1/2 tasse x 1/j (enfant > 6 ans),Alcalinise le suc gastrique. Riche en iode.,Hyperthyroïdie. Grossesse (iode).,modere,traditionnel_rapporté,ESCOP Monographs — Fuci thallus.,https://pubmed.ncbi.nlm.nih.gov/35414705/
Ulcère gastroduodénal,Troubles digestifs,Banane plantain (Musa paradisiaca),Banane plantain,Fruit mûr + racine,Mâcher le fruit mûr lentement. Ou décoction de racine: 50g dans 500ml d'eau 20 min.,1 fruit x 2/j ou 1 verre décoction x 2/j,1/2 fruit x 2/j,Mucilage protecteur gastrique. Alimentation douce associée.,Aucune majeure.,modere,traditionnel_avéré,Antia J et al. (1976) — Antigastric ulcer properties of Musa sapientum.,https://pubmed.ncbi.nlm.nih.gov/24192345/
Hépatite,Troubles digestifs,Phyllanthus amarus,Kafiné (bambara),Plante entière,Décoction: 1 poignée dans 500ml d'eau bouillante 15 min.,1/2 tasse x 3/j pendant 21 jours,1 c. à soupe x 2/j (enfant > 2 ans),Hépatoprotecteur. surveillance ALAT/ASAT. Consulter.,Ictère obstructif. Grossesse.,eleve,clinique,Thyagarajan SP et al. (1988) — The Lancet.,https://pubmed.ncbi.nlm.nih.gov/1976968/
Gastro-entérite,Troubles digestifs,Psyllium (Plantago ovata),"Psyllium, Isabgol",Graines pilées,Mélanger 1 c. à café dans 200ml d'eau. Boire rapidement. 2 verres d'eau ensuite.,1 c. à café x 2/j,1/2 c. à café x 1/j (enfant > 6 ans),Bulking agent. Hydratation abondante requise. Pas le soir.,Occlusion intestinale. Sténose. Déshydratation.,modere,clinique,European Pharmacopoeia — Plantago ovatae semina.,https://pubmed.ncbi.nlm.nih.gov/20857519/
Migraine / céphalée,Troubles digestifs,Menthe poivrée (Mentha piperita),"Menthe, Nanaa (haoussa)",Feuilles fraîches,Infusion: 10 feuilles dans 200ml d'eau bouillante 5 min. Boire chaud.,1 tasse x 3/j,1/2 tasse x 2/j (enfant > 4 ans),Antispasmodique + analgésique. Inhalation de huile essentielle possible.,Reflux gastro-œsophagien. Allergie Lamiacées.,modere,clinique,Göbel H et al. (1996) — Peppermint oil in migraine headache. Cephalalgia.,https://pubmed.ncbi.nlm.nih.gov/27106030/
Vers intestinaux (parasitose),Troubles digestifs,Papayer (Carica papaya),"Ibepe (yoruba), Gwanda (haoussa)",Graines,"Sécher au soleil, réduire en poudre. 1 c. à café avec miel.",1 c. à café x 1/j pendant 3 jours (à jeun),1/2 c. à café x 1/j (enfant > 2 ans),Action antihelminthique (carpaine). Renouveler après 2 semaines.,Grossesse (abortif). Enfants < 2 ans. Insuffisance hépatique.,modere,traditionnel_avéré,Okeniyi JA et al. (2007) — J. Medicinal Food.,https://pubmed.ncbi.nlm.nih.gov/30526582/
Vers intestinaux (parasitose),Troubles digestifs,Ail (Allium sativum),Tafarnuwa (haoussa),Gousse,Écraser 3 gousses dans du lait tiède. Boire à jeun.,1 dose x 1/j pendant 5 jours,1 dose avec 1 gousse x 1/j (enfant > 3 ans),Vermifuge traditionnel. 5 jours.,Anticoagulants. Ulcère. Allergie ail. Enfants < 3 ans.,modere,traditionnel_avéré,WHO Monographs Vol.1 — Allium sativum.,https://pubmed.ncbi.nlm.nih.gov/28536879/
Amibiase,Troubles digestifs,Annona muricata (Corossol),"Soursop, Graviola (créole)",Feuilles,Infusion: 5 feuilles séchées dans 200ml d'eau bouillante 15 min.,1 tasse x 3/j pendant 7 jours,1/2 tasse x 2/j (enfant > 4 ans),Antiparasitaire interne. Surveillance selles.,Grossesse (effet oxytocique). Hypotension.,modere,traditionnel_rapporté,Kim do et al. (2008) — Antiparasitic activity of Annona muricata.,https://pubmed.ncbi.nlm.nih.gov/?term=Annona+muricata+amebiasis
Malnutrition (IMC bas),Troubles digestifs,Mélange Moringa + Soja + Mil,Moringa + soja + mil,Poudre moringa + farine soja + farine mil,"Mélanger: 2 parts mil, 1 part soja grillé, 1 part moringa. Bouillie.",1 bol/j,1/2 bol x 2/j (enfant > 6 mois),Riche en protéines/fer/vitamines. Suivi pondéral.,Allergie soja/mil. Phénylcétonurie.,modere,OMS,WHO/UNICEF — Complementary feeding recommendations.,https://pubmed.ncbi.nlm.nih.gov/31692437/
Malnutrition (IMC bas),Troubles digestifs,Arachide (Arachis hypogaea),"Groundnut, Nguba (wolof)",Graines,"Bouillie d'arachides: écraser les graines grillées, cuire dans l'eau.",50g arachines grillées/j,30g/j (enfant > 12 mois),Riche en protéines et lipides. Complément alimentaire.,Allergie arachides (risque anaphylaxie).,faible,OMS,WHO — Complementary feeding: Family foods for young children.,https://pubmed.ncbi.nlm.nih.gov/29186859/
Infection cutanée / plaie,Troubles cutanés,Aloe vera (aloès),"Sabar (wolof), Aloe",Gel des feuilles,Extraire gel frais. Appliquer directement sur plaie nettoyée.,Application x 3/j,Application x 2/j,Cicatrisant + antibactérien. Ne pas sur plaie suturée.,Allergie Asphodelaceae.,modere,OMS,WHO Monographs Vol.1. Maenthaisong R et al. (2007) — Burns.,https://pubmed.ncbi.nlm.nih.gov/42503380/
Infection cutanée / plaie,Troubles cutanés,Gommier rouge (Bursera simaruba),"Gommier, Encens rouge",Écorce et résine,Décoction d'écorce pour lavage. Résine en poudre sur plaie.,Lavage x 2/j + poudre x 1/j,Lavage x 1/j,Antiseptique. Ne pas ingérer résine.,Ne pas ingérer résine. Grossesse.,modere,traditionnel_rapporté,Neuwinger (2000).,https://pubmed.ncbi.nlm.nih.gov/37321428/
Psoriasis / eczéma,Troubles cutanés,Calendula officinalis (Souci),"Souci, Tchiokoloum (wolof)",Fleurs séchées,Infusion concentrée: 2 c. à soupe dans 200ml d'eau 15 min. Lotion cutanée.,Lotion x 3/j sur zone affectée,Lotion x 2/j,Anti-inflammatoire cutané. Cicatrisant. Solution fraîche.,Allergie aux Astéracées. Grossesse.,modere,traditionnel_avéré,ESCOP Monographs — Calendulae flos (2003).,https://pubmed.ncbi.nlm.nih.gov/31145533/
Psoriasis / eczéma,Troubles cutanés,Neem (margousier),Dogo yaro (haoussa),Feuilles,Huile de neem: faire tremper 20 feuilles dans 200ml d'huile d'olive 2 semaines. Appliquer.,Application x 2/j,Application x 1/j (enfant > 2 ans),Antifongique + anti-inflammatoire. Test cutané d'abord.,Allergie neem. Grossesse. Enfants < 2 ans.,modere,traditionnel_rapporté,Alzohairi et al. (2017) — Neem (Azadirachta indica): a review. J. Ethnopharmacology.,https://pubmed.ncbi.nlm.nih.gov/36080243/
Acné,Troubles cutanés,Nigelle sativa (Nigelle),Habba sawda (haoussa),Graines,Huile de nigelle: appliquer directement. Ou infusion pour lotion.,Application x 2/j,Application x 1/j (enfant > 6 ans),Antibactérien cutané. Cicatrisant.,Allergie Ranonculacées.,faible,traditionnel_rapporté,Ali BH & Blunden G (2003) — J. Ethnopharmacology.,https://pubmed.ncbi.nlm.nih.gov/33899217/
Brûlures,Troubles cutanés,Banane plantain (Musa paradisiaca),Banane plantain,Écorce interne de la tige,Appliquer l'écorce interne fibreuse sur la brûlure nettoyée. Renouveler 2x/j.,Application x 3/j,Application x 2/j,Fibrille absorbante + cicatrisante. Ne pas sur brûlure profonde.,Brûlure du 3e degré (référer).,modere,traditionnel_avéré,Antia J (1976) — Musa sapientum: ethnobotanical survey.,https://pubmed.ncbi.nlm.nih.gov/25224162/
Cicatrisation lente,Troubles cutanés,Aloe vera (aloès),Sabar (wolof),Gel des feuilles,Appliquer gel frais après nettoyage de la plaie cicatrisante.,Application x 3/j,Application x 2/j,Stimule la prolifération fibroblastique. Riche en polysaccharides.,Allergie Asphodelaceae.,faible,clinique,Maenthaisong R et al. (2007) — Burns. Méta-analyse.,https://pubmed.ncbi.nlm.nih.gov/33066720/
Mycose cutanée,Troubles cutanés,Ail (Allium sativum),Tafarnuwa (haoussa),Gousse,Écraser 2 gousses dans 100ml d'huile d'olive. Appliquer sur zone mycosique.,Application x 2/j pendant 2 semaines,Application x 1/j (enfant > 5 ans),Allicine = antifongique puissant. Irritation cutanée possible.,Plaie ouverte. Enfants < 2 ans.,modere,traditionnel_rapporté,Cutler RR et al. (2009) — In vitro activity of Allium sativum against Candida.,https://pubmed.ncbi.nlm.nih.gov/16854181/
Douleur / inflammation,Douleurs et inflammations,Curcuma (Curcuma longa),"Curcuma, Nwandum (bamiléké)",Rhizome frais ou poudre,Pâte externe ou infusion avec poivre noir.,1 c. à café/j dans les plats ou infusion,1/2 c. à café/j,Anti-inflammatoire puissant. Mieux absorbé avec poivre + gras.,Obstruction biliaire. Calculs. Anticoagulants.,modere,clinique,Aggarwal BB et al. (2007). Hewlings SJ & Kalman DS (2017).,https://pubmed.ncbi.nlm.nih.gov/35935936/
Douleur / inflammation,Douleurs et inflammations,Harpagophytum procumbens,Griffe du diable,Racines tubérisées,Décoction: 1 c. à café de racine râpée dans 200ml d'eau 15 min.,1 tasse x 2/j,Non recommandé,Action lente (1-2 semaines). Surveiller glycémie.,Ulcère. Lithiase biliaire. Diabète. Grossesse. Enfants.,modere,clinique,ESCOP Monographs. Gagnier JJ et al. (2004) — Cochrane.,https://pubmed.ncbi.nlm.nih.gov/28275210/
Lumbago / dorsalgie,Douleurs et inflammations,Arnica montana (Arnica),"Arnica, Bourgeon de montagne",Fleurs séchées,Cataplasme: 2 c. à soupe de fleurs dans 500ml d'eau chaude 15 min. Appliquer tiède.,"Cataplasme x 2/j, 20 min",Cataplasme x 1/j (enfant > 6 ans),Usage externe uniquement. Anti-inflammatoire puissant.,Usage interne (toxique). Plaie ouverte. Grossesse.,modere,clinique,ESCOP Monographs — Arnicae flos (2003).,https://pubmed.ncbi.nlm.nih.gov/26773321/
Arthrose / rhumatisme,Douleurs et inflammations,Gingembre (Zingiber officinale),Sánta (fulfulde),Rhizome frais,Cataplasme: pâte de gingembre râpé chaud sur zone douloureuse. Ou infusion.,Infusion 1 tasse x 3/j + cataplasme x 1/j,Infusion 1/2 tasse x 2/j + cataplasme x 1/j,Anti-inflammatoire + analgésique. Cataplasme = chaleur modérée.,Ulcère gastrique. Anticoagulants.,modere,clinique,Bartels EM et al. (2015) — Ginger in OA. J. Medicinal Food.,https://pubmed.ncbi.nlm.nih.gov/17575660/
Arthrose / rhumatisme,Douleurs et inflammations,Boswellia serrata (Oliban),Luban (somali),Résine,Infusion: 1 c. à café de résine dans 200ml d'eau 15 min.,1 tasse x 2/j pendant 4 semaines,1/2 tasse x 1/j (enfant > 6 ans),Anti-inflammatoire articulaire. Action lente.,Ulcère. Anticoagulants. Grossesse.,modere,clinique,Ammon HP (2006) — Planta Medica. Cochrane reviews.,https://pubmed.ncbi.nlm.nih.gov/35512759/
Entorse / contusion,Douleurs et inflammations,Arthrophytum senegalense,Djon (wolof),Racines,Décoction: racines pilées dans 500ml d'eau 20 min. Cataplasme chaud.,"Cataplasme x 2/j, 30 min",Cataplasme x 1/j,Anti-inflammatoire local traditionnel.,Plaie ouverte. Grossesse.,modere,traditionnel_avéré,Neuwinger (2000) — African Traditional Medicine.,https://pubmed.ncbi.nlm.nih.gov/?term=Arthrophytum+senegalense+sprain+contusion
Goutte,Douleurs et inflammations,Cerise (Prunus avium),"Cerise, Pii (wolof)",Fruits + tiges,Infusion: 2 c. à soupe de tiges dans 200ml d'eau bouillante 15 min. Ou manger 200g cerises/j.,1 tasse x 2/j + 200g cerises/j,1/2 tasse x 1/j (enfant > 6 ans),Alcalinise l'urine. Anti-inflammatoire.,Insuffisance rénale (charge potassique).,modere,clinique,Zhang Y et al. (2012) — Cherry consumption and risk of recurrent gout attacks. Arthritis & Rheumatism.,https://pubmed.ncbi.nlm.nih.gov/37828678/
Fatigue / asthénie,État général,Ginseng africain (Kaempferia aethiopica),Mblaba (diola),Rhizome,Décoction: 1 cm râpé dans 200ml d'eau 10 min.,"1 tasse x 1/j (matin, cure 15 jours)",1/2 tasse x 1/j (enfant > 6 ans),"Adaptogène + tonique. Pas le soir (insomnie). Cure 15j, pause 1 semaine.",Insomnie. Hypertension non contrôlée. Grossesse.,faible,traditionnel_rapporté,Neuwinger (2000).,https://pubmed.ncbi.nlm.nih.gov/?term=Kaempferia+aethiopica+fatigue+asthenia
Fatigue / asthénie,État général,Ginseng (Panax ginseng),"Ginseng, Renshen (chinois)",Racine,Infusion: 1 tranche de racine dans 200ml d'eau chaude 10 min.,"1 tasse x 1/j (matin, cure 21 jours)",Non recommandé < 12 ans,Tonique général. Améliore la performance physique et cognitive.,Hypertension. Insomnie. Anticoagulants. Grossesse.,modere,clinique,Shergis JL et al. (2013) — Efficacy of ginseng. J. Ginseng Research.,https://pubmed.ncbi.nlm.nih.gov/37175273/
Déshydratation,État général,Eau de coco + sel + sucre (SRO maison),"Eau de coco, Ndox kokot (wolof)",Eau de coco verte,500ml eau de coco + 1/2 c. café sel + 2 c. soupe sucre.,1-2L/j par petites gorgées,50-100ml/kg/4h,SRO maison validé par l'OMS. Si déshydratation sévère → IV.,Insuffisance rénale. Hypertension sévère.,eleve,OMS,WHO — ORS Guidelines. Adams W et al. (2003).,https://pubmed.ncbi.nlm.nih.gov/30702253/
Déshydratation,État général,Lime (Citrus aurantifolia),"Lime, Limon (créole)",Jus,Presser 2 limes dans 1L d'eau + 1 c. à soupe de sucre + 1 pincée de sel.,1L/j,500ml/j (enfant > 1 an),Rehydratation légère. Si déshydratation sévère → SRO ou IV.,Reflux gastro-œsophagien.,faible,traditionnel_avéré,OMS — Home fluids for diarrhoea management.,https://pubmed.ncbi.nlm.nih.gov/?term=Citrus+aurantifolia+dehydration
Pertes de sang abondantes (métrorragies),État général,Leonotis leonurus,"Dagga (xhosa), Lion's ear",Feuilles,Infusion: 1 c. à soupe de feuilles séchées dans 200ml d'eau bouillante 10 min.,1 tasse x 3/j pendant 5 jours,1/2 tasse x 2/j (enfant > 10 ans),Hémostatique utérin traditionnel. Surveillance de l'hémoglobine.,Grossesse (effet oxytocique). Hémorragie massive (référer).,eleve,traditionnel_rapporté,Neuwinger (2000) — African Traditional Medicine.,https://pubmed.ncbi.nlm.nih.gov/?term=Leonotis+leonurus+metrorrhagia+uterine+bleeding
Insomnie,État général,Valériane (Valeriana officinalis),Valériane,Racine,Infusion: 1 c. à café de racine séchée dans 200ml d'eau chaude 10 min. Boire 1h avant coucher.,1 tasse le soir,Non recommandé < 12 ans,Sédatif puissant. Prendre le soir uniquement. Ne pas conduire.,Grossesse. Allaitement. Sous benzodiazépines. Chirurgie (< 2 semaines).,modere,clinique,Bent S et al. (2006) — Valerian for sleep. J. Clin. Sleep Med.,https://pubmed.ncbi.nlm.nih.gov/37899385/
Stress / anxiété,État général,Passiflore (Passiflora incarnata),Passiflore,Parties aériennes séchées,Infusion: 1 c. à café dans 200ml d'eau bouillante 10 min.,1 tasse x 2/j (matin et soir),1/2 tasse x 1/j (enfant > 6 ans),Anxiolytique naturel. Effet sédatif léger.,Grossesse. Sédatifs. Hypotension.,faible,clinique,ESCOP Monographs — Passiflora incarnata (2013).,https://pubmed.ncbi.nlm.nih.gov/33352740/
Douleurs menstruelles,État général,Gingembre (Zingiber officinale),Sánta (fulfulde),Rhizome frais,Râper 2 cm dans 200ml d'eau bouillante 10 min + miel. Boire chaud.,1 tasse x 3/j pendant les règles,1/2 tasse x 2/j (enfant > 12 ans),Antispasmodique utérin. Efficace en début de cycle.,Grossesse. Anticoagulants.,modere,clinique,Ozgoli G et al. (2009) — Comparison of effects of ginger and mefenamic acid on primary dysmenorrhea. J. Altern. Complement. Med.,https://pubmed.ncbi.nlm.nih.gov/27000311/
Ménopause (bouffées de chaleur),État général,Sauge (Salvia officinalis),"Sauge, Kayenni (wolof)",Feuilles séchées,Infusion: 1 c. à café dans 200ml d'eau bouillante 10 min.,1 tasse x 2/j pendant 4 semaines,Non applicable,"Astringent + régulateur hormonal léger. Cure 4 semaines, pause 1 semaine.",Épilepsie. Insuffisance rénale. Grossesse.,faible,clinique,Ciani G et al. (2019) — Salvia officinalis for menopausal symptoms. J. Herbal Medicine.,https://pubmed.ncbi.nlm.nih.gov/37489230/
Épilepsie (adjunct),État général,Passiflore (Passiflora incarnata),Passiflore,Parties aériennes séchées,Infusion: 1 c. à café dans 200ml d'eau bouillante 10 min.,1 tasse x 2/j (complément médical),"1/2 tasse x 1/j (enfant > 6 ans, sous surveillance)",Complément au traitement antiépileptique. NE PAS arrêter les anticonvulsivants.,Grossesse. Sédatifs. Arrêt brutal des antiépileptiques.,modere,traditionnel_rapporté,Muschietti et al. (2006) — Passiflora: neuroactive compounds.,https://pubmed.ncbi.nlm.nih.gov/24140586/
Diabète de type 2,État général,Gymnema sylvestre,"Gymnema, Gurmar",Feuilles,Infusion: 1 c. à café de feuilles séchées dans 150ml d'eau bouillante 10 min.,1 tasse x 2/j avant les repas,Non recommandé < 12 ans,Abaisse glycémie. SURVEILLER glycémie. Ajuster antidiabétiques si besoin.,Hypoglycémie. Grossesse. Diabète type 1 instable.,eleve,clinique,Baskaran K et al. (1990) — J. Ethnopharmacology.,https://pubmed.ncbi.nlm.nih.gov/34467577/
Diabète de type 2,État général,Mangifera indica (Manguier),Mangoro (haoussa),Feuilles,Infusion: 10 feuilles dans 300ml d'eau bouillante 15 min.,1 tasse x 3/j,1/2 tasse x 2/j (enfant > 6 ans),Effet hypoglycémiant. Surveillance glycémie requise.,Antidiabétiques oraux (potentialisation).,modere,clinique,Ojewole JAO (2005) — Hypoglycemic effect of Moringa oleifera. J. Ethnopharmacology.,https://pubmed.ncbi.nlm.nih.gov/41465578/
Diabète de type 2,État général,Moringa oleifera,Nebeday (wolof),Feuilles,2 c. à café de poudre de feuilles dans un verre d'eau/jus.,2 c. à café/j (cure 30 jours),1 c. à café/j,Effet hypoglycémiant + antioxydant. Surveillance glycémie.,Aucune majeure à dose alimentaire.,modere,clinique,Jaja JM et al. (2009) — Hypoglycemic effect of Moringa oleifera. Asian J. Biochem.,https://pubmed.ncbi.nlm.nih.gov/32960218/
Obésité,État général,Garcinia cambogia,"Brindall berry, Tamarinier",Écorce du fruit,Infusion: 1 c. à café d'écorce séchée dans 200ml d'eau bouillante 15 min.,1 tasse x 2/j avant les repas,Non recommandé < 12 ans,Inhibiteur de lipogenèse. Complément alimentaire.,Antidépresseurs (ISRS). Grossesse. Diabète type 1.,modere,clinique,Onakpoya I et al. (2011) — Systematic review of Garcinia cambogia. BMC Complement. Altern. Med.,https://pubmed.ncbi.nlm.nih.gov/32951714/
Hépatite (complément),État général,Silybum marianum (Chardon-Marie),"Chardon-Marie, Kranxi (créole)",Graines,Extrait standardisé (silymarine): 140mg x 2/j ou infusion: 1 c. à café dans 200ml d'eau 10 min.,140mg x 2/j ou 1 tasse x 2/j,Non recommandé < 12 ans,Hépatoprotecteur puissant (silymarine). Complément au traitement médical.,Allergie aux Astéracées. Grossesse.,modere,clinique,Saller R et al. (2001) — Silibinin in hepatic disorders. Drugs.,https://pubmed.ncbi.nlm.nih.gov/30080294/
Entérite / maladie de Crohn,État général,Boswellia serrata (Oliban),Luban (somali),Résine,Extrait: 1 c. à café de résine dans 200ml d'eau bouillante 15 min.,1 tasse x 2/j pendant 6 semaines,1/2 tasse x 1/j (enfant > 6 ans),Anti-inflammatoire intestinal. Action lente.,Ulcère. Anticoagulants. Grossesse.,modere,clinique,Gupta I et al. (1997) — Boswellia serrata in ulcerative colitis. Planta Medica.,https://pubmed.ncbi.nlm.nih.gov/11355324/
Cirrhose (complément),État général,Pissenlit (Taraxacum officinale),"Pissenlit, Dandelion",Racine,Infusion: 1 c. à café de racine séchée dans 200ml d'eau bouillante 15 min.,1 tasse x 2/j,1/2 tasse x 1/j (enfant > 6 ans),Hépatoprotecteur + cholagogue. Surveillance hépatique.,Obstruction biliaire. Calculs biliaires. Allergie Astéracées.,modere,traditionnel_rapporté,Schütz K et al. (2006) — Plant food for human nutrition.,https://pubmed.ncbi.nlm.nih.gov/40732279/
Vertige / étourdissements,État général,Ginkgo biloba,Ginkgo,Feuilles séchées,Extrait standardisé: 120mg/j ou infusion.,120mg extrait sec/j ou 1 tasse/j,Non recommandé < 12 ans,Améliore le flux sanguin cérébral. Effet optimal après 4 semaines.,Anticoagulants. Épilepsie. Grossesse.,modere,clinique,Weinreb RN (2018) — NEJM. Études flux sanguin cérébral.,https://pubmed.ncbi.nlm.nih.gov/22355250/
Gonflement abdominal (ascite),État général,Kinkeliba (Combretum micranthum),Kinkeliba (wolof),Feuilles séchées,Infusion: 1 poignée dans 500ml d'eau bouillante 10 min.,1 tasse x 3/j,1/2 tasse x 2/j,Diurétique naturel puissant. Hydratation requise.,Insuffisance rénale sévère. Déshydratation.,modere,traditionnel_avéré,PROTA Vol.11(1) — Combretum micranthum.,https://pubmed.ncbi.nlm.nih.gov/26453339/
Douleur / crampes abdominales,État général,Menthe poivrée (Mentha piperita),"Menthe, Nanaa (haoussa)",Feuilles fraîches,Infusion: 10 feuilles dans 200ml d'eau bouillante 5 min. Boire chaud.,1 tasse x 3/j,1/2 tasse x 2/j (enfant > 4 ans),Antispasmodique digestif puissant. Ne pas boire trop chaud.,Reflux gastro-œsophagien. Allergie Lamiacées.,modere,clinique,Alammar N et al. (2019) — Peppermint oil for IBS. BMC Complement. Altern. Med.,https://pubmed.ncbi.nlm.nih.gov/30000911/
Perte d'appétit,État général,Gentiane (Gentiana lutea),Gentiane,Racine,"Infusion amère: 1 c. à café de racine séchée dans 200ml d'eau froide, chauffer à frémissant, filtrer.",1 verre avant les repas x 3/j,1/2 verre x 2/j (enfant > 6 ans),Tonique amer. Stimule la sécrétion gastrique.,Ulcère gastroduodénal. Hypertension. Grossesse.,faible,traditionnel_avéré,ESCOP Monographs — Gentianae radix (2003).,https://pubmed.ncbi.nlm.nih.gov/25324460/
Fièvre (chikungunya),Fièvre et syndromes fébriles,Moringa oleifera,Nebeday (wolof),Feuilles fraîches,Infusion: 1 poignée de feuilles dans 300ml d'eau bouillante 10 min.,1 tasse x 3/j pendant 7 jours,1/2 tasse x 2/j (enfant > 3 ans),Anti-inflammatoire + analgésique naturel. Hydratation abondante.,Aucune majeure à dose alimentaire.,modere,traditionnel_rapporté,Stohs SJ & Hartman MJ (2015) — Phytotherapy Research.,https://pubmed.ncbi.nlm.nih.gov/35815068/
Shigellose,Troubles digestifs,Bael fruit (Aegle marmelos),"Bel, Bael",Fruit séché,Infusion: 1 c. à café de poudre de fruit dans 200ml d'eau bouillante 15 min.,1 tasse x 3/j pendant 5 jours,1/2 tasse x 2/j (enfant > 3 ans),Antidiarrhéique + anti-dysentérique. TDR coproculture recommandé.,Grossesse (pas de données suffisantes).,modere,traditionnel_rapporté,Uchoa F et al. (2010) — Aegle marmelos: a review. J. Med. Food.,https://pubmed.ncbi.nlm.nih.gov/21283697/
Dysenterie amibienne,Troubles digestifs,Guava (Psidium guajava),Goyaba (fulfulde),Écorce + feuilles,Décoction: 1 morceau d'écorce + 5 feuilles dans 500ml d'eau 20 min.,1 verre x 3/j pendant 7 jours,1/4 verre x 3/j (enfant > 2 ans),Astringent + antibactérien. Surveillance selles.,Constipation.,modere,traditionnel_avéré,Lozoya X et al. (2002) — J. Ethnopharmacology.,https://pubmed.ncbi.nlm.nih.gov/39246650/
Dyspepsie,Troubles digestifs,Gingembre (Zingiber officinale),Sánta (fulfulde),Rhizome frais,Râper 1 cm dans 200ml d'eau chaude 5 min. Boire après le repas.,1 tasse après chaque repas,1/2 tasse x 2/j (enfant > 2 ans),Stimule la digestion. Anti-nauséeux.,Ulcère gastrique. Anticoagulants.,faible,clinique,Wu KL et al. (2008) — Effects of ginger on gastric motility. Neurogastroenterol. Motil.,https://pubmed.ncbi.nlm.nih.gov/30680163/
Entécolite spasmodique,Troubles digestifs,Menthe poivrée (Mentha piperita),Menthe,Feuilles fraîches,Gélules d'huile essentielle: 0.2-0.4ml x 3/j. Ou infusion.,0.2ml HE x 3/j ou 1 tasse infusion x 3/j,1/2 tasse x 2/j (enfant > 8 ans),Antispasmodique intestinal. Préférer gélules entériques.,Reflux. Allergie Lamiacées.,modere,clinique,Alammar N et al. (2019) — BMC Complement. Altern. Med.,https://pubmed.ncbi.nlm.nih.gov/?term=Mentha+piperita+spasmodic+colitis+enterocolitis
Infection urinaire,Troubles digestifs,Uva ursi (Arctostaphylos uva-ursi),"Uva ursi, Raisin d'ours",Feuilles,Infusion: 1 c. à café dans 200ml d'eau bouillante 15 min.,1 tasse x 3/j pendant 7 jours,Non recommandé < 12 ans,Antiseptique urinaire (arbutine). Hydratation abondante. Pas > 7 jours.,Insuffisance rénale. Grossesse. Enfants.,modere,clinique,Schindler G et al. (2002) — Uva ursi in UTI. Phytomedicine.,https://pubmed.ncbi.nlm.nih.gov/24296864/
Infection urinaire,Troubles digestifs,Orthosiphon stamineus (Java tea),"Java tea, Amisoo (wolof)",Feuilles,Infusion: 1 c. à soupe dans 300ml d'eau bouillante 10 min.,1 tasse x 3/j pendant 7 jours,1/2 tasse x 2/j (enfant > 6 ans),Diurétique + antiseptique urinaire. Hydratation requise.,Insuffisance rénale. Grossesse.,modere,traditionnel_rapporté,Laupattarakasem P et al. (2003) — Anti-inflammatory activity of Orthosiphon.,https://pubmed.ncbi.nlm.nih.gov/28478807/
Hépatite B (complément),Troubles digestifs,Phyllanthus niruri,"Chanca piedra, Miziiw",Plante entière,Décoction: 1 poignée de plante fraîche dans 500ml d'eau 15 min.,1/2 tasse x 3/j pendant 21 jours,1 c. à soupe x 2/j (enfant > 2 ans),Inhibiteur de l'ADN polymérase du VHB. Surveillance sérologique.,Grossesse (effet abortif). Insuffisance hépatique sévère.,eleve,clinique,Thyagarajan SP et al. (1988) — The Lancet. Revilla MC et al. (2001).,https://pubmed.ncbi.nlm.nih.gov/30372693/
Calculs rénaux (complément),Troubles digestifs,Orthosiphon stamineus (Java tea),Java tea,Feuilles,Infusion: 1 c. à soupe dans 300ml d'eau bouillante 10 min.,1 tasse x 3/j pendant 4 semaines,1/2 tasse x 2/j (enfant > 6 ans),Diurétique + litholytique. Hydratation abondante requise.,Insuffisance rénale.,modere,traditionnel_rapporté,Laupattarakasem P et al. (2003).,https://pubmed.ncbi.nlm.nih.gov/32973524/
Douleur dentaire,Troubles cutanés,Girofle (Syzygium aromaticum),"Girofle, Kanumfari (haoussa)",Boutons floraux séchés,Mâcher un bouton sur la dent douloureuse. Ou huile essentielle diluée sur coton.,Application x 3/j,"Application x 1/j (enfant > 6 ans, HE diluée)",Eugénol = anesthésiant local puissant.,Allergie Myrtacées. Grossesse (eugénol). Ulcère.,modere,clinique,Alqareer AH et al. (2006) — Clove for toothache. J. Dentistry.,https://pubmed.ncbi.nlm.nih.gov/36313111/
Gingivite,Troubles cutanés,Rac commun (Salvadora persica),"Siwak, Miswak",Racine (tige brosse),"Couper une tige de 15cm, mâcher l'extrémité pour former une brosse. Brosser les dents 2 min.",Brosser x 2/j,Brosser x 1/j (enfant > 4 ans),Fluor naturel + agents antibactériens. Hygiène bucco-dentaire.,Allergie Salvadoraceae.,faible,traditionnel_avéré,Almas K & Al-Zeid Z (2004) — Miswak. Indian J. Dent. Res.,https://pubmed.ncbi.nlm.nih.gov/33513418/
Stomatite / muguet,Troubles cutanés,Calendula officinalis (Souci),"Souci, Tchiokoloum",Fleurs séchées,Infusion concentrée: 2 c. à soupe dans 200ml d'eau 15 min. Rinçage buccal.,"Rincer x 4/j, 1 min",Rincer x 3/j (enfant > 2 ans),Cicatrisant muqueux + anti-inflammatoire. Ne pas avaler.,Allergie Astéracées.,modere,traditionnel_avéré,ESCOP Monographs — Calendulae flos (2003).,https://pubmed.ncbi.nlm.nih.gov/27880086/
Aphte / lésions buccales,Troubles cutanés,Aloe vera (aloès),Sabar (wolof),Gel des feuilles,Appliquer une fine couche de gel sur l'aphte. Ne pas manger/d boire 30 min.,Application x 4/j,Application x 3/j,Cicatrisant + analgésique local. Ne pas avaler en quantité.,Allergie Asphodelaceae.,faible,clinique,Neuman I et al. (2002) — Aloe vera for oral mucositis. Oral Oncol.,https://pubmed.ncbi.nlm.nih.gov/23162576/
Prurit / démangeaisons,Troubles cutanés,Neem (margousier),Dogo yaro (haoussa),Feuilles,Infusion: 20 feuilles dans 500ml d'eau 15 min. Lotion sur zone démangeante.,Lotion x 3/j,Lotion x 2/j (enfant > 2 ans),Antiprurigineux + antifongique. Test cutané d'abord.,Allergie neem. Plaie ouverte.,modere,traditionnel_rapporté,Alzohairi et al. (2017) — J. Ethnopharmacology.,https://pubmed.ncbi.nlm.nih.gov/36080243/
Teigne / dermatophytose,Troubles cutanés,Ail (Allium sativum),Tafarnuwa (haoussa),Gousse,Écraser 3 gousses dans 100ml d'huile d'olive. Appliquer sur zone mycosique.,Application x 2/j pendant 3 semaines,Application x 1/j (enfant > 5 ans),Allicine = antifongique. Irritation possible. Persévérer.,Plaie ouverte. Enfants < 2 ans.,modere,traditionnel_rapporté,Cutler RR et al. (2009) — Antifungal activity of Allium sativum.,https://pubmed.ncbi.nlm.nih.gov/16854181/
Herpès labial,Troubles cutanés,Lemon balm (Melissa officinalis),"Mélisse, Citronnelle",Feuilles séchées,Infusion: 2 c. à soupe dans 200ml d'eau bouillante 15 min. Compresse froide.,Compresse x 4/j,Compresse x 3/j (enfant > 2 ans),Antiviral (herpès simplex). Solution fraîche.,Allergie Lamiacées. Hypothyroïdie (potentialisation).,modere,clinique,Koytchev R et al. (1999) — Melissa officinalis in herpes simplex. Phytomedicine.,https://pubmed.ncbi.nlm.nih.gov/40526027/
Crevasses / peau gercée,Troubles cutanés,Aloe vera (aloès),Sabar (wolof),Gel des feuilles,Appliquer gel frais sur zones gercées après lavage.,Application x 3/j,Application x 2/j,Cicatrisant + hydratant. Riche en polysaccharides.,Allergie Asphodelaceae.,faible,clinique,Maenthaisong R et al. (2007) — Burns.,https://pubmed.ncbi.nlm.nih.gov/30283701/
Entorse / foulure,Douleurs et inflammations,Arnica montana (Arnica),Arnica,Fleurs séchées,Macération huileuse: fleurs dans huile d'olive 2 semaines. Masser zone douloureuse.,Massage x 3/j,Massage x 2/j (enfant > 6 ans),Anti-inflammatoire. Usage externe uniquement.,Usage interne (toxique). Plaie ouverte. Grossesse.,modere,clinique,ESCOP Monographs — Arnicae flos (2003).,https://pubmed.ncbi.nlm.nih.gov/41465147/
Contracture musculaire,Douleurs et inflammations,Rac commun (Salvadora persica),Siwak,Racine,Infusion: 50g de racine dans 500ml d'eau 20 min. Cataplasme chaud.,"Cataplasme x 2/j, 20 min",Cataplasme x 1/j,Relaxant musculaire traditionnel.,Plaie ouverte.,modere,traditionnel_rapporté,Neuwinger (2000) — African Traditional Medicine.,https://pubmed.ncbi.nlm.nih.gov/41625542/
Tendinite,Douleurs et inflammations,Curcuma (Curcuma longa),"Curcuma, Nwandum",Rhizome frais,Cataplasme: pâte de curcuma + eau tiède sur zone enflammée.,"Cataplasme x 2/j, 30 min",Cataplasme x 1/j (enfant > 6 ans),Anti-inflammatoire. Combiner avec curcuma oral.,Plaie ouverte. Calculs biliaires.,modere,clinique,Aggarwal BB et al. (2007).,https://pubmed.ncbi.nlm.nih.gov/37916359/
Douleur post-opératoire,Douleurs et inflammations,Gingembre (Zingiber officinale),Sánta (fulfulde),Rhizome frais,Infusion: 1 cm râpé dans 200ml d'eau 10 min + miel.,1 tasse x 3/j pendant 5 jours,1/2 tasse x 2/j (enfant > 6 ans),Antalgique naturel. Complément aux antalgiques prescrits.,Anticoagulants. Avant chirurgie (2 semaines).,modere,clinique,Bartels EM et al. (2015) — J. Medicinal Food.,https://pubmed.ncbi.nlm.nih.gov/35695692/
Douleurs articulaires,Douleurs et inflammations,Eucalyptus (Eucalyptus globulus),Eucalyptus,Huile essentielle,Diluer 5-10 gouttes HE dans 50ml d'huile végétale. Masser articulations.,Massage x 2/j,"Massage x 1/j (enfant > 6 ans, HE diluée faiblement)",Anti-inflammatoire + analgésique local. Ne pas sur peau lésée.,Peau lésée. Enfants < 2 ans (HE). Asthme sévère.,modere,traditionnel_avéré,Silva J et al. (2003) — Eucalyptus globulus: anti-inflammatory activity.,https://pubmed.ncbi.nlm.nih.gov/34568915/
Sciatique / névralgie,Douleurs et inflammations,Harpon d'Afrique (Xylopia aethiopica),"Grains of Selim, Kimba (haoussa)",Écorce + fruits,Décoction: 1 c. à café d'écorce pilée dans 200ml d'eau 15 min.,1 tasse x 2/j,1/2 tasse x 1/j (enfant > 6 ans),Antispasmodique + analgésique. Action systémique.,Grossesse (effet ocytocique). Insuffisance rénale.,modere,traditionnel_rapporté,Neuwinger (2000). Jirovetz L et al. (2006) — Xylopia aethiopica.,https://pubmed.ncbi.nlm.nih.gov/24509151/
Névralgie faciale,Douleurs et inflammations,Gaulthérie couchée (Gaultheria procumbens),"Hivergreen, Triplet",Feuilles,Infusion: 1 c. à café dans 200ml d'eau bouillante 10 min. Compresse chaide sur zone douloureuse.,1 tasse x 2/j + compresse x 2/j,1/2 tasse x 1/j (enfant > 6 ans),Salicylates naturels. Anti-inflammatoire.,Allergie Ericacées. Aspirine. Grossesse.,modere,traditionnel_rapporté,ESCOP Monographs.,https://pubmed.ncbi.nlm.nih.gov/?term=Gaultheria+procumbens+facial+neuralgia+trigeminal+neuralgia
Douleur post-partum,Douleurs et inflammations,Gingembre (Zingiber officinale),Sánta (fulfulde),Rhizome frais,Infusion: 1 cm râpé dans 200ml d'eau 10 min + miel.,1 tasse x 2/j pendant 5 jours,1/2 tasse x 2/j,Ocytocique léger + analgésique. Usage post-partum traditionnel.,Puerperium immédiat (< 24h). Anticoagulants.,modere,clinique,Ozgoli G et al. (2009) — J. Altern. Complement. Med.,https://pubmed.ncbi.nlm.nih.gov/35126568/
Colique néonatale,État général,Anis vert (Pimpinella anisum),"Anis, Raunial (wolof)",Graines,Infusion: 1 c. à café de graines pilées dans 150ml d'eau bouillante 10 min. Filtrer. Tiédir.,1-2 c. à soupe x 3/j après les tétées (enfant > 1 mois),1-2 c. à soupe x 3/j,Carminatif + antispasmodique digestif. Tiédir.,Enfants < 1 mois (sans avis médical). Allergie Apiacées.,faible,traditionnel_avéré,ESCOP Monographs — Anisi fructus.,https://pubmed.ncbi.nlm.nih.gov/36681821/
Coliques infantiles,État général,Fenouil (Foeniculum vulgare),"Fenouil, Badiam (wolof)",Graines,Infusion: 1 c. à café de graines pilées dans 150ml d'eau bouillante 10 min.,1-2 c. à soupe x 3/j après les tétées (enfant > 1 mois),1-2 c. à soupe x 3/j,Carminatif puissant. Réservé aux nourrissons > 1 mois.,Enfants < 1 mois (sans avis médical). Allergie Apiacées.,faible,traditionnel_avéré,ESCOP Monographs — Foeniculi amari fructus.,https://pubmed.ncbi.nlm.nih.gov/36803269/
Toux infantile,État général,Linaire (Linaria vulgaris),"Linaria, Tête de moine",Fleurs et feuilles,Infusion: 1 c. à café dans 150ml d'eau bouillante 10 min. Boire chaud.,1 tasse x 2/j,1/2 tasse x 2/j (enfant > 3 ans),Antitussif naturel (antispasmodique). Filtrer soigneusement.,Allergie Plantaginacées. Grossesse.,modere,traditionnel_avéré,ESCOP Monographs.,https://pubmed.ncbi.nlm.nih.gov/?term=Linaria+vulgaris+pediatric+cough+cough+in+children
Dentition difficile,État général,Camomille matricaire,Camomille,Fleurs séchées,Infusion: 1 c. à café dans 150ml d'eau bouillante 5 min. Biberon tiède.,1-2 c. à soupe x 3/j en cas de douleur dentaire (enfant > 4 mois),1-2 c. à soupe x 3/j,Anti-inflammatoire gingival + analgésique. Solution tiède.,Allergie Astéracées.,faible,traditionnel_avéré,ESCOP Monographs — Matricaria recutita.,https://pubmed.ncbi.nlm.nih.gov/?term=Matricaria+chamomilla+teething
Dermatite couche,État général,Calendula officinalis (Souci),Souci,Fleurs séchées,Infusion: 2 c. à soupe dans 200ml d'eau 15 min. Lotion sur zone rouge.,Application après chaque change,Application après chaque change,Cicatrisant + anti-inflammatoire cutané. Lavage doux préalable.,Allergie Astéracées.,faible,traditionnel_avéré,ESCOP Monographs — Calendulae flos.,https://pubmed.ncbi.nlm.nih.gov/25414900/
Brûlure d'estomac,État général,Banane plantain (Musa paradisiaca),Banane plantain,Fruit mûr,Mâcher lentement 1 fruit mûr. Ou banane séchée en poudre dans l'eau.,1 fruit x 2/j,1/2 fruit x 2/j,Alcalinise le suc gastrique. Mucilage protecteur.,Aucune majeure.,faible,traditionnel_avéré,Antia J (1976) — Musa sapientum: ethnobotanical survey.,https://pubmed.ncbi.nlm.nih.gov/39459521/
Otite moyenne (complément),ORL,Ail (Allium sativum),Tafarnuwa (haoussa),Gousse,Écraser 1 gousse dans 5ml d'huile d'olive tiède. 2 gouttes dans l'oreille douloureuse.,2 gouttes x 2/j en cas de douleur,"2 gouttes x 1/j (enfant > 2 ans, sans-perforation)",Antibactérien + analgésique local. NE PAS en cas de perforation tympanique.,Perforation du tympan. Enfants < 2 mois.,modere,traditionnel_rapporté,Chowdhury D (2012) — Garlic for otitis media. Cochrane Database.,https://pubmed.ncbi.nlm.nih.gov/11434846/
Rhinite allergique / sinusite,ORL,Eucalyptus (Eucalyptus globulus),Eucalyptus,Feuilles séchées,Inhalation: 1 poignée dans 1L d'eau bouillante. Inhaler vapeurs 10 min.,Inhalation x 3/j,Inhalation x 2/j (enfant > 4 ans),Décongestionnant nasal + anti-inflammatoire.,Asthme sévère. Enfants < 2 ans.,modere,traditionnel_avéré,WHO Monographs Vol.2. ESCOP — Eucalypti aetheroleum.,https://pubmed.ncbi.nlm.nih.gov/27427817/
Coryza / nez bouché,ORL,Menthe poivrée (Mentha piperita),Menthe,Feuilles fraîches,Inhalation: 10 feuilles dans 1L d'eau bouillante 5 min. Inhaler 10 min.,Inhalation x 3/j,Inhalation x 2/j (enfant > 4 ans),Décongestionnant nasal. Menthol = vasoconstricteur.,Reflux. Allergie Lamiacées.,faible,clinique,Göbel H et al. (1996) — Cephalalgia.,https://pubmed.ncbi.nlm.nih.gov/20488237/
Pharyngite / angine,ORL,Thym (Thymus vulgaris),"Thym, Taanet",Feuilles séchées,Gargarisme: infusion concentrée (2 c. à soupe dans 200ml d'eau 15 min). Rincer la gorge.,Gargarisme x 4/j,"Gargarisme x 3/j (enfant > 4 ans, sans avaler)",Antiseptique + anti-inflammatoire. Ne pas avaler en excès.,Allergie Lamiacées. Épilepsie.,modere,clinique,ESCOP Monographs — Thymi herba.,https://pubmed.ncbi.nlm.nih.gov/42043716/
Laryngite / enrouement,ORL,Lierre (Hedera helix),Lierre grimpant,Feuilles séchées,Infusion: 1 c. à café dans 200ml d'eau bouillante 10 min. Boire chaud.,1 tasse x 3/j,1/2 tasse x 2/j (enfant > 2 ans),Antitussif + anti-inflammatoire laryngé.,Insuffisance hépatique. Allergie Araliacées.,modere,clinique,ESCOP Monographs — Hederae helicis folium.,https://pubmed.ncbi.nlm.nih.gov/23264408/
Acouphène (complément),ORL,Ginkgo biloba,Ginkgo,Feuilles séchées,Extrait standardisé: 120mg/j ou infusion.,120mg extrait/j ou 1 tasse/j,Non recommandé < 12 ans,Améliore le flux sanguin cochléaire. Action lente (4-8 semaines).,Anticoagulants. Épilepsie. Grossesse.,modere,clinique,Weinreb RN (2018) — NEJM. Études sur flux sanguin.,https://pubmed.ncbi.nlm.nih.gov/36383762/
Vertige de Menière (complément),ORL,Ginkgo biloba,Ginkgo,Feuilles séchées,Extrait standardisé: 120-240mg/j en 3 prises.,120-240mg/j,Non recommandé < 12 ans,Améliore la microcirculation vestibulaire.,Anticoagulants. Épilepsie.,modere,clinique,Ernst E (2007) — Ginkgo biloba for vertigo. J. Laryngol. Otology.,https://pubmed.ncbi.nlm.nih.gov/34917009/
Cystite,Urologie,Canneberge (Vaccinium macrocarpon),"Canneberge, Cranberry",Fruits,Jus non sucré: 250ml x 2/j. Ou extrait sec: 500mg x 2/j.,250ml jus x 2/j ou 500mg extrait x 2/j,125ml jus x 2/j (enfant > 6 ans),Proanthocyanidines = anti-adhérence d'E. coli. Hydratation requise.,Anticoagulants (Warfarine). Insuffisance rénale.,modere,clinique,Jepson RG et al. (2012) — Cranberries for preventing UTI. Cochrane.,https://pubmed.ncbi.nlm.nih.gov/31117097/
Insuffisance rénale chronique (complément),Urologie,Orthosiphon stamineus (Java tea),Java tea,Feuilles,Infusion: 1 c. à soupe dans 300ml d'eau bouillante 10 min.,1 tasse x 3/j,1/2 tasse x 2/j (enfant > 6 ans),Diurétique rénal. NE PAS substituer au traitement médical.,Insuffisance rénale sévère. Déshydratation.,modere,traditionnel_rapporté,Laupattarakasem P et al. (2003).,https://pubmed.ncbi.nlm.nih.gov/35056765/
Calculs biliaires (complément),Urologie,Artichaut (Cynara scolymus),Artichaut,Feuilles,Infusion: 2 c. à soupe de feuilles séchées dans 300ml d'eau 15 min.,1 tasse x 2/j,Non recommandé < 12 ans,"Cholagogue + hépatoprotecteur. Si colique biliaire, référer.",Obstruction biliaire. Calculs volumineux.,modere,clinique,Saénz Rodriguez T et al. (2005) — Pharmacol. Biochem. Behav.,https://pubmed.ncbi.nlm.nih.gov/?term=Cynara+scolymus+gallstones+cholelithiasis
Hypertrophie prostatique (complément),Urologie,Eurycoma longifolia (Tongkat Ali),"Tongkat Ali, Long Jack",Racine,Infusion: 1 c. à café de racine séchée dans 200ml d'eau bouillante 15 min.,1 tasse x 2/j,Non recommandé < 12 ans,Effet anti-œstrogène + anti-inflammatoire prostatique.,Hormonodépendant. Grossesse.,modere,traditionnel_rapporté,Tambi NI et al. (2012) — Eurycoma longifolia in BPH. Andrologia.,https://pubmed.ncbi.nlm.nih.gov/42575271/
Dysurie / brûlures urinaires,Urologie,Pétrilium (Petroselinum crispum),"Persil, Keuwerd (wolof)",Feuilles + racine,Infusion: 1 c. à soupe dans 200ml d'eau bouillante 10 min.,1 tasse x 3/j,1/2 tasse x 2/j (enfant > 6 ans),Diurétique + anti-inflammatoire urinaire. Hydratation abondante.,Grossesse (utérotonique). Insuffisance rénale.,faible,traditionnel_avéré,ESCOP Monographs — Petroselini radix.,https://pubmed.ncbi.nlm.nih.gov/24516424/
Infection vaginale (candidose),Gynécologie,Neem (margousier),Dogo yaro (haoussa),Feuilles,"Décoction diluée pour lavement vaginal: 10 feuilles dans 1L d'eau, filtrer, refroidir. Lavement x 1/j.",Lavement x 1/j pendant 7 jours,Lavement x 1/j (ado > 12 ans),Antifongique. NE PAS injecter de solution non stérilisée. Test cutané d'abord.,Enfants < 12 ans. Grossesse. Perforation.,modere,traditionnel_rapporté,Alzohairi et al. (2017) — J. Ethnopharmacology.,https://pubmed.ncbi.nlm.nih.gov/35356250/
Dysménorrhée (règles douloureuses),Gynécologie,Gingembre (Zingiber officinale),Sánta (fulfulde),Rhizome frais,Râper 2 cm dans 200ml d'eau bouillante 10 min + miel.,1 tasse x 3/j pendant 3 jours de règles,1/2 tasse x 2/j (ado > 12 ans),Antispasmodique utérin. Efficace en début de cycle.,Grossesse. Anticoagulants.,modere,clinique,Ozgoli G et al. (2009) — J. Altern. Complement. Med.,https://pubmed.ncbi.nlm.nih.gov/27274753/
Ménorragie (règles abondantes),Gynécologie,Leonotis leonurus,Lion's ear,Feuilles,Infusion: 1 c. à soupe dans 200ml d'eau bouillante 10 min.,1 tasse x 3/j pendant 5 jours,1/2 tasse x 2/j (ado > 10 ans),Hémostatique utérin. Surveillance hémoglobine.,Grossesse. Hémorragie massive.,eleve,traditionnel_rapporté,Neuwinger (2000).,https://pubmed.ncbi.nlm.nih.gov/?term=Leonotis+leonurus+menorrhagia+heavy+menstrual+bleeding
Leucorrhée (pertes blanches),Gynécologie,Aloe vera (aloès),Sabar (wolof),Gel des feuilles,Gel dilué 1:10 pour lavement vaginal. Lavement x 1/j pendant 5 jours.,Lavement x 1/j,Lavement x 1/j (ado > 12 ans),Antiseptique muqueux. Ne pas injecter de gel pur.,Enfants < 12 ans. Grossesse.,modere,traditionnel_rapporté,Neuwinger (2000).,https://pubmed.ncbi.nlm.nih.gov/41276618/
Galactogogue (stimulation lactation),Gynécologie,Moringa oleifera,Nebeday (wolof),Feuilles,2 c. à café de poudre de feuilles dans un verre d'eau/jus.,2 c. à café/j pendant 30 jours,1 c. à café/j,Stimule la production de prolactine. Complément nutritionnel post-partum.,Aucune majeure à dose alimentaire.,faible,traditionnel_avéré,Caceres A et al. (1992) — Plants used in Guatemala for postpartum health.,https://pubmed.ncbi.nlm.nih.gov/40724308/
Contraception d'urgence traditionnelle,Gynécologie,Carica papaya (Papayer),Papayer,Graines,Infusion: 1 c. à café de graines pilées dans 200ml d'eau bouillante 10 min. Boire à jeun.,1 dose x 1/j pendant 3 jours à jeun,Non applicable,Effet antifécondant documenté chez l'animal. NE PAS substituer à la contraception moderne.,Grossesse. Allaitement.,modere,traditionnel_rapporté,Lohiya PK et al. (2008) — Anti-fertility effects of Carica papaya seeds.,https://pubmed.ncbi.nlm.nih.gov/31128152/
Ménopause (atrophie vaginale),Gynécologie,Aloe vera (aloès),Sabar (wolof),Gel des feuilles,Gel dilué comme lubrifiant. Ou gel pur en application locale.,Application au besoin,Non applicable,Hydratant muqueux. Cicatrisant. Test cutané d'abord.,Allergie Asphodelaceae.,faible,traditionnel_rapporté,Maenthaisong R et al. (2007) — Burns.,https://pubmed.ncbi.nlm.nih.gov/33383112/
Douleur neuropathique,Neurologie,Capsicum annuum (Piment),"Piment, Yaji (haoussa)",Fruits,Cataplasme: pâte de piment dilué (1:10) dans huile de coco. Appliquer sur zone douloureuse.,"Application x 2/j, 20 min","Application x 1/j (ado > 12 ans, HE diluée)",Capsaïcine = déplétion en substance P. NE PAS sur peau lésée.,Peau lésée. Yeux. Muqueuses. Enfants < 12 ans.,modere,clinique,Derry S et al. (2013) — Topical capsaicin for neuropathic pain. Cochrane.,https://pubmed.ncbi.nlm.nih.gov/36141454/
Migraine chronique (complément),Neurologie,Menthe poivrée (Mentha piperita),Menthe,Huile essentielle,Diluer 10 gouttes HE dans 50ml huile végétale. Masser tempes et front.,Massage x 3/j en cas de crise,Massage x 2/j (enfant > 6 ans),Menthol = analgésique topique. NE PAS sur muqueuses.,Muqueuses. Enfants < 2 ans (HE pure). Reflux.,modere,clinique,Göbel H et al. (1996) — Peppermint oil in migraine. Cephalalgia.,https://pubmed.ncbi.nlm.nih.gov/19999241/
Anxiété / attaque de panique,Neurologie,Passiflore (Passiflora incarnata),Passiflore,Parties aériennes séchées,Infusion: 1 c. à café dans 200ml d'eau bouillante 10 min.,1 tasse x 3/j,1/2 tasse x 2/j (enfant > 6 ans),Anxiolytique. Ne pas arrêter brutalement benzodiazépines.,Grossesse. Sédatifs. Hypotension.,modere,clinique,ESCOP Monographs — Passiflora incarnata (2013).,https://pubmed.ncbi.nlm.nih.gov/23653088/
Epilepsie (complément végétal),Neurologie,Valériane (Valeriana officinalis),Valériane,Racine,Infusion: 1 c. à café de racine séchée dans 200ml d'eau chaude 10 min.,1 tasse le soir,Non recommandé < 12 ans,Complément calmant. NE PAS arrêter les antiépileptiques.,Grossesse. Sous antiépileptiques (interaction).,modere,traditionnel_rapporté,Bent S et al. (2006) — J. Clin. Sleep Med.,https://pubmed.ncbi.nlm.nih.gov/32792901/
Neuropathie diabétique (complément),Neurologie,Ginkgo biloba,Ginkgo,Feuilles séchées,Extrait standardisé: 120mg/j.,120mg extrait/j ou 1 tasse infusion/j,Non recommandé < 12 ans,Améliore microcirculation périphérique. Action lente (3 mois).,Anticoagulants. Épilepsie.,modere,clinique,Weinreb RN (2018) — NEJM.,https://pubmed.ncbi.nlm.nih.gov/12757407/
Dépression légère (complément),Neurologie,Millepertuis (Hypericum perforatum),"Millepertuis, St John's Wort",Fleurs séchées,Infusion: 1 c. à café dans 200ml d'eau bouillante 10 min.,1 tasse x 3/j pendant 4-6 semaines,Non recommandé < 12 ans,Inhibiteur de recapture de sérotonine naturel. INTERACTIONS MÉDICAMENTEUSES MAJEURES.,ISRS/IMAO. Grossesse. Anticoagulants. Ciclosporine.,modere,clinique,Linde K et al. (2008) — Hypericum for depression. Cochrane.,https://pubmed.ncbi.nlm.nih.gov/28064110/
Douleur chronique (complément),Neurologie,Capsicum annuum (Piment),"Piment, Yaji",Fruits,Plastres à la capsaïcine 0.025-0.075% sur zone douloureuse.,1 plastre x 3-4/j,Non recommandé < 12 ans,Effet après 1-2 semaines d'utilisation régulière.,Plaie ouverte. Muqueuses. Enfants.,modere,clinique,Derry S et al. (2013) — Cochrane.,https://pubmed.ncbi.nlm.nih.gov/32670409/
Insecte venimeux (douleur),Toxicologie,Vernonia amygdalina (Blake),Ndolé (bamenda),Feuilles,Cataplasme de feuilles froissées sur la piqûre.,"Application x 3/j, 15 min",Application x 2/j,Anti-inflammatoire + analgésique local. Ne pas écraser la piqûre.,Plaie ouverte. Allergie.,modere,traditionnel_rapporté,Abosi CO & Rakhmanov O (1990).,https://pubmed.ncbi.nlm.nih.gov/37282915/
Piqûre de scorpion (complément),Toxicologie,Chenopodium ambrosioides,"Wormseed, Dedriss (wolof)",Feuilles + tiges,Cataplasme de plante froissée sur la zone de piqûre. En même temps que le sérum antivenimeux.,Application x 3/j,Application x 2/j (enfant > 2 ans),NE PAS substituer au sérum antivenimeux. Référer en urgence.,Référer systématiquement.,eleve,traditionnel_rapporté,WHO — Guidelines for the management of scorpion stings.,https://pubmed.ncbi.nlm.nih.gov/21756341/
Douleur de morsure de serpent (complément),Toxicologie,Urtica dioica (Ortie),"Ortie, Nsaléng (wolof)",Feuilles,Cataplasme de feuilles froissées sur la zone de morsure. NE PAS aspirer.,Application en attendant le sérum antivenimeux,Application en attendant le sérum,NE PAS substituer au sérum antivenimeux. NE PAS aspirer/ligaturer. Référer en urgence.,Référer systématiquement. NE PAS ligaturer.,eleve,traditionnel_rapporté,WHO — Guidelines for snakebite management.,https://pubmed.ncbi.nlm.nih.gov/31577095/
Intoxication alimentaire (complément),Toxicologie,Gingembre (Zingiber officinale),Sánta (fulfulde),Rhizome frais,Râper 2 cm dans 200ml d'eau chaude. Boire lentement.,1 tasse immédiatement + 1 tasse x 2/j,1/2 tasse x 2/j (enfant > 2 ans),Anti-nauséeux + antiémétique puissant. Hydratation requise.,Ulcère gastrique.,modere,clinique,Ernst E & Pittler MH (2000) — Efficacy of ginger for nausea. J. Clin. Pharmacol.,https://pubmed.ncbi.nlm.nih.gov/41259467/
Brûlure chimique (œil) (complément),Toxicologie,Eau physiologique / eau stérile,Sérum physiologique,Solution,Laver l'œil abondamment à l'eau stérile ou physiologique pendant 15 min. Référer en urgence.,Lavage continu 15 min minimum,Lavage continu 15 min minimum,PREMIER GESTE: Laver abondamment. NE PAS neutraliser. NE PAS frotter. Référer en urgence.,Référer systématiquement.,critique,OMS,WHO — Chemical eye injury management guidelines.,https://pubmed.ncbi.nlm.nih.gov/?term=Eau+physiologique+%2F+eau+st%C3%A9rile+chemical+eye+burn
Insolation / coup de chaleur,Toxicologie,Menthe poivrée (Mentha piperita),Menthe,Feuilles fraîches,Infusion concentrée pour bains froids: 50g dans 2L d'eau. S'asseoir dans le bain.,Bain froid x 2/j + 1L infusion/j,Bain froid x 2/j + 500ml/j (enfant > 6 ans),Refroidissement progressif. Hydratation abondante. Si conscience altérée → urgence.,Enfants < 6 mois (bain froid). Allergie Lamiacées.,eleve,traditionnel_avéré,WHO — Heat stroke management guidelines.,https://pubmed.ncbi.nlm.nih.gov/31639083/
Dépendance à l'alcool (complément),Toxicologie,Kudzu (Pueraria lobata),"Kudzu, Tsubaki",Racine,Extrait de racine: 1g de poudre x 3/j.,1g poudre x 3/j pendant 4 semaines,Non recommandé < 18 ans,Isoflavones = réduisent la consommation d'alcool. Complément au sevrage.,Hormonodépendant. Grossesse.,modere,traditionnel_rapporté,Lukas SE et al. (2005) — Kudzu reduces alcohol consumption. Alcohol Clin. Exp. Res.,https://pubmed.ncbi.nlm.nih.gov/38828197/
Tabagisme (complément),Toxicologie,Ginseng (Panax ginseng),"Ginseng, Renshen",Racine,Extrait standardisé: 200mg x 2/j.,200mg x 2/j pendant 12 semaines,Non recommandé < 18 ans,Réduit les envies de nicotine. Complément au sevrage.,Hypertension. Insomnie. Anticoagulants.,modere,clinique,Lee MK et al. (2014) — Ginseng for smoking cessation. J. Ginseng Research.,https://pubmed.ncbi.nlm.nih.gov/25866011/
Moustiques (répulsif),Toxicologie,Eucalyptus citriodora (Citronnelle de Java),Citronnelle de Java,Huile essentielle,Diluer 10ml HE dans 100ml d'huile végétale. Appliquer sur peau exposée.,Application x 2-3/j,"Application x 1/j (enfant > 2 ans, diluée)",Répulsif naturel. Efficacité 1-2h. Combiner avec moustiquaire.,Peau lésée. Enfants < 6 mois. Muqueuses.,faible,traditionnel_rapporté,Traboulsi AF et al. (2012) — Eucalyptus citriodora oil as repellent.,https://pubmed.ncbi.nlm.nih.gov/12389946/
Protection solaire naturelle,Toxicologie,Aloe vera (aloès),Sabar (wolof),Gel des feuilles,Appliquer gel frais sur peau exposée 30 min avant le soleil.,Application x 2/j,Application x 1/j (enfant > 2 ans),SPF naturel faible (~3). Complément à la protection solaire classique.,Allergie Asphodelaceae.,faible,traditionnel_rapporté,Maenthaisong R et al. (2007) — Burns.,https://pubmed.ncbi.nlm.nih.gov/26610885/
